,name,price
0,HP 14s Backlit Intel Core i3 11th Gen 1115G4 - (8 GB/512 GB SSD/Windows 11 Home) 14s-dq2649tu Thin and Light Laptop,"₹37,999"
1,Acer Aspire Intel Core i5 12th Gen 12450H - (12 GB/512 GB SSD/Windows 11 Home) AL15-52H Thin and Light Laptop,"₹44,500"
2,ASUS ASUS Vivobook S 15 Intel Core i5 13th Gen 13500H - (16 GB/512 GB SSD/Windows 11 Home) K5504VAB-BN416WS Thin and Light Laptop,"₹69,900"
3,HP Chromebook MediaTek MT8183 - (4 GB/32 GB EMMC Storage/Chrome OS) 11MK G9 EE Chromebook,"₹9,990"
4,Primebook Wifi MediaTek MT8183 - (4 GB/64 GB EMMC Storage/Prime OS) PB Wifi Thin and Light Laptop,"₹10,990"
5,CHUWI Intel Celeron Dual Core 11th Gen N4020 - (8 GB/256 GB SSD/Windows 11 Home) HeroBook Pro Laptop,"₹16,990"
6,ASUS Vivobook 15 Intel Core i3 12th Gen 1215U - (16 GB/512 GB SSD/Windows 11 Home) X1502ZA-EJ993WS Thin and Light Laptop,"₹37,990"
7,Acer One 14 AMD Ryzen 3 Dual Core 3250U - (8 GB/256 GB SSD/Windows 11 Home) Z2-493 Thin and Light Laptop,"₹24,499"
8,Ultimus PRO Intel Celeron Dual Core N4020C - (4 GB/128 GB EMMC Storage/Windows 11 Home) NU14U5INC43BN-SG Thin and Light Laptop,"₹11,990"
9,HP AMD Athlon Dual Core - (8 GB/256 GB SSD/Windows 11 Home) 255 Laptop,"₹23,100"
10,HP G8 Intel Core i3 11th Gen 12 gen - (16 GB/512 GB SSD/Windows 11 Pro) 250G8 Business Laptop,"₹33,880"
11,HP Laptop AMD Ryzen 3 Quad Core 5300U - (8 GB/512 GB SSD/Windows 11 Home) 15s- eq2212AU Thin and Light Laptop,"₹32,290"
12,Acer Aspire 3 Intel Celeron Dual Core N4500 - (8 GB/256 GB SSD/Windows 11 Home) A324-45 Thin and Light Laptop,"₹19,990"
13,HP Chromebook Intel Celeron Dual Core N4120 - (4 GB/64 GB EMMC Storage/Chrome OS) 14a-ca0506TU Chromebook,"₹19,990"
14,Infinix Y1 Plus Neo Intel Celeron Quad Core 11th Gen N5100 - (4 GB/128 GB SSD/Windows 11 Home) XL30 Thin and Light Laptop,"₹17,990"
15,ASUS TUF Gaming F17 - AI Powered Gaming Intel Core i5 11th Gen 11400H - (8 GB/512 GB SSD/Windows 11 Home/4 GB Graphics/NVIDIA GeForce RTX 2050/144 Hz/70 TGP) FX706HF-HX018W Gaming Laptop,"₹46,990"
16,Primebook S Wifi MediaTek MT8183 - (4 GB/128 GB EMMC Storage/Prime OS) PB S Wifi Thin and Light Laptop,"₹10,990"
17,HP Chromebook Intel Celeron Dual Core N4500 - (4 GB/64 GB EMMC Storage/Chrome OS) 14a- na1004TU Chromebook,"₹22,990"
18,ASUS TUF Gaming F15 - AI Powered Gaming Intel Core i5 11th Gen 11260H - (8 GB/512 GB SSD/Windows 11 Home/4 GB Graphics/NVIDIA GeForce RTX 2050/144 Hz/70 TGP) FX506HF-HN075W Gaming Laptop,"₹47,990"
19,Lenovo IdeaPad 1 Intel Celeron Dual Core N4020 - (8 GB/512 GB SSD/Windows 11 Home) 14IGL7 Thin and Light Laptop,"₹23,990"
20,Acer Aspire 3 Intel Celeron Dual Core N4500 - (8 GB/512 GB SSD/Windows 11 Home) A324-45 Thin and Light Laptop,"₹20,990"
21,HP FQ Series Intel Core i3 12th Gen 1215U - (8 GB/512 GB SSD/Windows 11 Home) 15s-FQ5326TU Thin and Light Laptop,"₹34,990"
22,ASUS Vivobook Go 15 OLED AMD Ryzen 5 Quad Core 7520U - (8 GB/512 GB SSD/Windows 11 Home) E1504FA-LK522WS Thin and Light Laptop,"₹45,990"
23,ASUS Vivobook 15 Intel Core i3 12th Gen 1215U - (16 GB/512 GB SSD/Windows 11 Home) X1504ZA-NJ341WS Thin and Light Laptop,"₹38,990"
24,Infinix Y1 Plus Neo Intel Celeron Quad Core 11th Gen N5100 - (4 GB/128 GB SSD/Windows 11 Home) XL30 Thin and Light Laptop,"₹17,990"
25,ASUS TUF Gaming F17 - AI Powered Gaming Intel Core i5 11th Gen 11400H - (8 GB/512 GB SSD/Windows 11 Home/4 GB Graphics/NVIDIA GeForce RTX 2050/144 Hz/70 TGP) FX706HF-HX018W Gaming Laptop,"₹46,990"
26,Primebook S Wifi MediaTek MT8183 - (4 GB/128 GB EMMC Storage/Prime OS) PB S Wifi Thin and Light Laptop,"₹10,990"
27,HP Chromebook Intel Celeron Dual Core N4500 - (4 GB/64 GB EMMC Storage/Chrome OS) 14a- na1004TU Chromebook,"₹22,990"
28,ASUS Vivobook 15 Intel Core i3 12th Gen 1215U - (16 GB/512 GB SSD/Windows 11 Home) X1504ZA-NJ342WS Thin and Light Laptop,"₹36,590"
29,ASUS TUF Gaming F15 - AI Powered Gaming Intel Core i5 11th Gen 11260H - (8 GB/512 GB SSD/Windows 11 Home/4 GB Graphics/NVIDIA GeForce RTX 2050/144 Hz/70 TGP) FX506HF-HN075W Gaming Laptop,"₹47,990"
30,Lenovo IdeaPad 1 Intel Celeron Dual Core N4020 - (8 GB/512 GB SSD/Windows 11 Home) 14IGL7 Thin and Light Laptop,"₹23,990"
31,Acer Aspire 3 Intel Celeron Dual Core N4500 - (8 GB/512 GB SSD/Windows 11 Home) A324-45 Thin and Light Laptop,"₹20,990"
32,HP FQ Series Intel Core i3 12th Gen 1215U - (8 GB/512 GB SSD/Windows 11 Home) 15s-FQ5326TU Thin and Light Laptop,"₹34,990"
33,ASUS Vivobook Go 15 OLED AMD Ryzen 5 Quad Core 7520U - (8 GB/512 GB SSD/Windows 11 Home) E1504FA-LK522WS Thin and Light Laptop,"₹45,990"
34,ASUS Vivobook 15 Intel Core i3 12th Gen 1215U - (16 GB/512 GB SSD/Windows 11 Home) X1504ZA-NJ341WS Thin and Light Laptop,"₹38,990"
35,Acer Aspire Lite AMD Ryzen 3 Quad Core 5300U - (8 GB/256 GB SSD/Windows 11 Home) AL15-41 Thin and Light Laptop,"₹26,500"
36,HP AMD Athlon Dual Core 3050U - (8 GB/512 GB SSD/Windows 11 Home) 15s- eq1559AU Thin and Light Laptop,"₹25,790"
37,HP Chromebook Intel Celeron Dual Core N4500 - (4 GB/128 GB EMMC Storage/Chrome OS) 15a- na0012TU Chromebook Laptop,"₹23,990"
38,HP Chromebook Intel Celeron Dual Core N4020 - (4 GB/64 GB EMMC Storage/Chrome OS) 14a-ca0505TU Chromebook,"₹20,990"
39,HP 255 G9 AMD Ryzen 3 Dual Core 3250 - (8 GB/512 GB SSD/Windows 11 Home) 255 G8 Notebook,"₹26,490"
40,ASUS ROG Strix G16 Intel Core i5 13th Gen 13450HX - (16 GB/1 TB SSD/Windows 11 Home/6 GB Graphics/NVIDIA GeForce RTX 3050) G614JJ-N3088WS Gaming Laptop,"₹95,490"
41,Ultimus Pro Intel Dual Core N4020 - (4 GB/128 GB SSD/Windows 11 Home) NU14U3CNC43BN-MB Thin and Light Laptop,"₹12,990"
42,HP 245 G9 Silver AMD Ryzen 5 Hexa Core 5625U - (8 GB/512 GB SSD/Windows 11 Home) 245 G9 Laptop,"₹30,999"
43,Acer AMD Ryzen 3 Quad Core 5300U - (16 GB/512 GB SSD/Windows 11 Home) AL15-41 Thin and Light Laptop,"₹29,990"
44,Acer Aspire Lite AMD Ryzen 3 Quad Core 5300U - (8 GB/512 GB SSD/Windows 11 Home) AL15-41 Thin and Light Laptop,"₹27,890"
45,Lenovo AMD Ryzen 3 Quad Core 7330U - (8 GB/512 GB SSD/Windows 11 Home) ThinkBook 15 G5 Thin and Light Laptop,"₹30,999"
46,Lenovo V15 AMD Ryzen 3 Quad Core 7320U - (8 GB/512 GB SSD/DOS) V15 G4 Thin and Light Laptop,"₹27,490"
47,Acer Aspire 3 Intel Celeron Dual Core N4500 - (8 GB/256 GB SSD/Windows 11 Home) A325-45 Thin and Light Laptop,"₹20,990"
48,"ASUS Vivobook S 15 OLED Powered Copilot + , AI PC Qualcomm Snapdragon X Elite - (16 GB/1 TB SSD/Windows 11 Home) S5507QAD-MA751WS Thin and Light Laptop","₹1,14,990"
49,Apple MacBook Air Apple M3 - (16 GB/512 GB SSD/macOS Sonoma) MXD43HN/A,"₹1,64,490"
50,Infinix X3 Slim Intel Intel Core i3 12th Gen 1215U - (8 GB/512 GB SSD/Windows 11 Home) XL422 Thin and Light Laptop,"₹27,990"
51,ASUS VivoBook 15 Intel Celeron Quad Core N4020 - (4 GB/256 GB SSD/Windows 11 Home) X515MA-BR011W Thin and Light Laptop,"₹21,980"
52,Lenovo V14 G3 (82TSA01KIH) Intel Core i3 12th Gen 1213U - (8 GB/512 GB SSD/DOS) V14 Laptop,"₹29,990"
53,DELL Intel Core i3 12th Gen 1215U - (8 GB/512 GB SSD/Windows 11 Home) Inspiron 3520 Thin and Light Laptop,"₹33,190"
54,Acer Aspire 5 Gaming Intel Core i5 13th Gen 1335U - (16 GB/512 GB SSD/Windows 11 Home/4 GB Graphics/NVIDIA GeForce RTX 2050) A515-58GM Gaming Laptop,"₹58,990"
55,ASUS Vivobook Go 15 AMD Ryzen 3 Quad Core 7320U - (8 GB/512 GB SSD/Windows 11 Home) E1504FA-NJ323WS Thin and Light Laptop,"₹33,980"
56,Lenovo IdeaPad 1 AMD Ryzen 5 Quad Core 3500U - (8 GB/512 GB SSD/Windows 11 Home) 15ADA7 Thin and Light Laptop,"₹36,790"
57,Lenovo IdeaPad Slim 3 Intel Core i3 11th Gen 1115G4 - (8 GB/512 GB SSD/Windows 11 Home) Ideapad 3 15ITL6 Ub Thin and Light Laptop,"₹36,990"
58,HP 255 G9 841W6pa AMD Ryzen 3 Dual Core - (8 GB/512 GB SSD/DOS) 6E3Z0PA Laptop,"₹27,790"
59,Lenovo IdeaPad Slim 1 AMD Ryzen 5 Hexa Core 5500U - (16 GB/512 GB SSD/Windows 11 Home) 15ALC7 Thin and Light Laptop,"₹40,190"
60,Lenovo IdeaPad 3 Intel Celeron Dual Core N4020 - (4 GB/256 GB SSD/Windows 10 Home) 15IGL05 Thin and Light Laptop,"₹27,990"
61,Acer Aspire Lite AMD Ryzen 3 Quad Core 5300U - (16 GB/512 GB SSD/Windows 11 Home) AL15-41 Thin and Light Laptop,"₹31,990"
62,Lenovo IdeaPad Pro 5 2K OLED AI PC Intel Core Ultra 9 185H - (32 GB/1 TB SSD/Windows 11 Home/6 GB Graphics) 16IMH9 Thin and Light Laptop,"₹1,51,190"
63,Lenovo V15 AMD Ryzen 3 Quad Core 7320U - (8 GB/512 GB SSD/Windows 11 Home) V15 G4 AMN 1 Thin and Light Laptop,"₹27,180"
64,Infinix Y1 Plus Neo Intel Celeron Quad Core 11th Gen N5100 - (4 GB/128 GB SSD/Windows 11 Home) XL30 Thin and Light Laptop,"₹17,990"
65,HP Envy Intel Core i7 11th Gen 1165G7 - (16 GB/1 TB SSD/Windows 11 Home/4 GB Graphics) 14-eb0021TX Thin and Light Laptop,"₹89,990"
66,Acer Extensa 15 Intel Celeron Quad Core N4020 - (4 GB/256 GB SSD/Windows 10 Home) EX215-31 Laptop,"₹22,750"
67,ASUS Intel Core i5 10th Gen - (8 GB/1 TB SSD/Windows 11 Home/4 GB Graphics/NVIDIA GeForce GTX GTX-1650) FX506LHB - HN357W Gaming Laptop,"₹49,999"
68,HP 250 G9 Intel Core i3 12th Gen 1215U - (8 GB/512 GB SSD/Windows 11 Home) 7M657PA Thin and Light Laptop,"₹31,890"
69,Lenovo IdeaPad 3 Chromebook Intel Celeron Dual Core N4020 - (4 GB/64 GB EMMC Storage/Chrome OS) ideapad 3 cb 11igl05 2 Chromebook Laptop,"₹19,990"
70,ASUS Intel Pentium Gold 7505 - (8 GB/256 GB SSD/Windows 11 Home) X1500EA-EJ111WS Laptop,"₹23,990"
71,ASUS Vivobook 15 Intel Core i3 12th Gen i3-1220P - (8 GB/512 GB SSD/Windows 11 Home) X1502ZA-EJ381WS Thin and Light Laptop,"₹40,185"
72,ASUS VivoBook 15 Intel Celeron Quad Core N4020 - (4 GB/256 GB SSD/Windows 11 Home) X515MA-BR011W Thin and Light Laptop,"₹21,980"
73,DELL Intel Core i3 12th Gen 1215U - (8 GB/512 GB SSD/Windows 11 Home) Inspiron 3520 Thin and Light Laptop,"₹33,190"
74,Acer Aspire 5 Gaming Intel Core i5 13th Gen 1335U - (16 GB/512 GB SSD/Windows 11 Home/4 GB Graphics/NVIDIA GeForce RTX 2050) A515-58GM Gaming Laptop,"₹58,990"
75,Lenovo IP Duet 3 Chrome Qualcomm Snapdragon 7c Gen 2 - (8 GB/128 GB EMMC Storage/Chrome OS) 11Q727 Chromebook,"₹24,990"
76,Acer Extensa 15 AMD Ryzen 3 Quad Core 7320U - (8 GB/256 GB SSD/Windows 11 Home) EX215-23 Thin and Light Laptop,"₹28,990"
77,Acer One 14 Intel Core i3 11th Gen 1115G4 - (16 GB/512 GB SSD/Windows 11 Home) Z8-415 Thin and Light Laptop,"₹29,990"
78,ASUS Vivobook Go 15 AMD Ryzen 3 Quad Core 7320U - (8 GB/512 GB SSD/Windows 11 Home) E1504FA-NJ323WS Thin and Light Laptop,"₹33,980"
79,"ASUS Vivobook S 15 OLED Powered Copilot + , AI PC Qualcomm Snapdragon X Elite - (16 GB/1 TB SSD/Windows 11 Home) S5507QAD-MA751WS Thin and Light Laptop","₹1,14,990"
80,"DELL Inspiron 15 with Backlit Keyboard, Intel Core i3 12th Gen 1215U - (8 GB/512 GB SSD/Windows 11 Home) Inspiron 3520 Thin and Light Laptop","₹40,800"
81,DELL AMD Ryzen 5 Dual Core 7520U - (8 GB/512 GB SSD/Windows 11 Home) Inspiron 3535 Thin and Light Laptop,"₹34,890"
82,Lenovo IdeaPad Slim 1 AMD Ryzen 5 Hexa Core 5500U - (16 GB/512 GB SSD/Windows 11 Home) 15ALC7 Thin and Light Laptop,"₹40,190"
83,HP 255 G9 841W6pa AMD Ryzen 3 Dual Core - (8 GB/512 GB SSD/DOS) 6E3Z0PA Laptop,"₹27,790"
84,Acer Travelmate Intel Core i5 11th Gen 1135G7 - (16 GB/512 GB SSD/Windows 11 Home) TMP215-53 Thin and Light Laptop,"₹36,990"
85,HP Intel Core Ultra 5 125H - (16 GB/512 GB SSD/Windows 11 Home) 14-gr1022TU Thin and Light Laptop,"₹72,990"
86,HP Envy Intel Core i7 11th Gen 1165G7 - (16 GB/1 TB SSD/Windows 11 Home/4 GB Graphics) 14-eb0021TX Thin and Light Laptop,"₹89,990"
87,HP Victus 15 AMD Ryzen 5 Hexa Core 5600H - (16 GB/512 GB SSD/Windows 11 Home/4 GB Graphics/AMD Radeon RX 6500M) 15-fb0150AX Gaming Laptop,"₹52,990"
88,Lenovo V15 AMD Ryzen 3 Quad Core 7320U - (8 GB/512 GB SSD/Windows 11 Home) V15 G4 AMN 1 Thin and Light Laptop,"₹27,180"
89,Infinix Y1 Plus Neo Intel Celeron Quad Core 11th Gen N5100 - (4 GB/128 GB SSD/Windows 11 Home) XL30 Thin and Light Laptop,"₹17,990"
90,Acer Aspire 3 AMD Ryzen 3 Quad Core 7330U - (8 GB/512 GB SSD/Windows 11 Home) A325-42 Thin and Light Laptop,"₹27,690"
91,Acer Aspire Lite AMD Ryzen 3 Quad Core 5300U - (16 GB/512 GB SSD/Windows 11 Home) AL15-41 Thin and Light Laptop,"₹31,990"
92,Lenovo IdeaPad Pro 5 2K OLED AI PC Intel Core Ultra 9 185H - (32 GB/1 TB SSD/Windows 11 Home/6 GB Graphics) 16IMH9 Thin and Light Laptop,"₹1,51,190"
93,ASUS VivoBook K15 OLED Intel Core i3 11th Gen 1115G4 - (8 GB/256 GB SSD/Windows 11 Home) K513EA-L302WS Thin and Light Laptop,"₹38,990"
94,Acer Extensa 15 Intel Celeron Quad Core N4020 - (4 GB/256 GB SSD/Windows 10 Home) EX215-31 Laptop,"₹22,750"
95,"ASUS Vivobook 15, with Backlit Keyboard, Intel Core i3 12th Gen 1215U - (8 GB/512 GB SSD/Windows 11 Home) X1504ZA-NJ321WS Thin and Light Laptop","₹35,480"
96,Acer One Intel Core i3 11th Gen 1115G4 - (8 GB/256 GB SSD/Windows 11 Home) One 14 Z8-415 Thin and Light Laptop,"₹34,999"
97,ASUS VivoBook K15 OLED Intel Core i3 11th Gen 1115G4 - (8 GB/256 GB SSD/Windows 11 Home) K513EA-L302WS Thin and Light Laptop,"₹38,990"
98,Acer Extensa 15 Intel Celeron Quad Core N4020 - (4 GB/256 GB SSD/Windows 10 Home) EX215-31 Laptop,"₹22,750"
99,HP 250 G9 Intel Core i3 12th Gen 1215U - (8 GB/512 GB SSD/Windows 11 Home) 7M657PA Thin and Light Laptop,"₹31,890"
100,ASUS Intel Core i5 10th Gen - (8 GB/1 TB SSD/Windows 11 Home/4 GB Graphics/NVIDIA GeForce GTX GTX-1650) FX506LHB - HN357W Gaming Laptop,"₹49,999"
101,Lenovo IdeaPad 3 Chromebook Intel Celeron Dual Core N4020 - (4 GB/64 GB EMMC Storage/Chrome OS) ideapad 3 cb 11igl05 2 Chromebook Laptop,"₹19,990"
102,ASUS Intel Pentium Gold 7505 - (8 GB/256 GB SSD/Windows 11 Home) X1500EA-EJ111WS Laptop,"₹23,990"
103,HP 15s Intel Core i5 12th Gen - (8 GB/512 GB SSD/Windows 11 Home) 15S-FQ5202TU Thin and Light Laptop,"₹46,490"
104,ASUS Intel Core i3 13th Gen - (8 GB/512 GB SSD/Windows 11 Home) ?E1504GA-NJ322WS Laptop,"₹33,990"
105,HP 15s AMD Ryzen 3 Dual Core 3250U - (8 GB/256 GB SSD/Windows 11 Home) 15s-GY0501AU Thin and Light Laptop,"₹32,990"
106,HP Intel Core i5 12th Gen 1235U - (8 GB/512 GB SSD/Windows 11 Home) 15s-fq5202TU Thin and Light Laptop,"₹46,490"
107,HP 247 G8 AMD Ryzen 5 Dual Core 3500U - (8 GB/512 GB SSD/Windows 11 Home) 247 G8 Notebook,"₹35,888"
108,HP G9 AMD Ryzen 5 Hexa Core 5th Gen 5625U - (16 GB/512 GB SSD/Windows 11 Home) 7B1L8PA Notebook,"₹32,933"
109,Acer Aspire 3 14 Metal Body Intel Core i3 12th Gen N305 - (8 GB/512 GB SSD/Windows 11 Home) A314-36M Thin and Light Laptop,"₹32,990"
110,Lenovo Ideapad Slim 3 Intel Celeron Dual Core N4020 - (4 GB/256 GB SSD/Windows 10 Home) 15IGL05 Laptop,"₹26,400"
111,Lenovo AMD Ryzen 5 Ryzen™ 5 - (8 GB/512 GB SSD/Windows 11 Home) 82R400BGIN Thin and Light Laptop,"₹35,990"
112,ASUS Vivobook Go 15 AMD Ryzen 5 Quad Core 7520U - (8 GB/512 GB SSD/Windows 11 Home) E1504FA-NJ522WS Thin and Light Laptop,"₹36,990"
113,HP Chromebook MediaTek Kompanio 1200 - (8 GB/256 GB SSD/Chrome OS) 13b-ca0006MU Chromebook Laptop,"₹34,990"
114,HP 15s AMD Ryzen 3 Dual Core 3250U - (8 GB/512 GB SSD/Windows 11 Home) 15s- eq1580AU Thin and Light Laptop,"₹33,490"
115,Acer Chromebook Plus Google AI Intel Core i3 13th Gen 1315U - (8 GB/256 GB SSD/Chrome OS) CB515-2H-34YL Chromebook,"₹29,990"
116,HP Intel Core i3 11th Gen - (8 GB/512 GB SSD/Windows 11 Home) 15S-FQ2738TU Laptop,"₹31,990"
117,Acer Travelmate AMD Ryzen 5 Hexa Core 5500U - (16 GB/512 GB SSD/Windows 11 Home) TMP214-41-G3 Thin and Light Laptop,"₹62,999"
118,ASUS Vivobook 15 Intel Core i3 11th Gen 1115G4 - (8 GB/512 GB SSD/Windows 11 Home) X515EA-EJ328WS Thin and Light Laptop,"₹31,990"
119,Lenovo AMD Ryzen 3 Quad Core 7330U - (8 GB/512 GB SSD/Windows 11 Home) ThinkBook 15 G5 Thin and Light Laptop,"₹30,990"
120,HP 255 G9 AMD Ryzen 3 Dual Core R3 3250 - (8 GB/512 GB SSD/Windows 11 Home) 255 G8 Business Laptop,"₹24,990"
121,HP 15s Intel Core i5 11th Gen 1135G7 - (8 GB/1 TB HDD/Windows 10 Home) 15s-du3032TU Thin and Light Laptop,"₹55,990"
122,Lenovo IdeaPad Slim 3 AMD Ryzen 3 Quad Core 7320U - (8 GB/512 GB SSD/Windows 11 Home) 15AMN8 Thin and Light Laptop,"₹31,890"
123,ASUS Vivobook AMD R5 5600H AMD Ryzen 5 Hexa Core - (16 GB/512 GB SSD/Windows 11 Home) M1603QA-MB512WS Laptop,"₹53,990"
124,HP AMD Ryzen 5 Hexa Core 5500U - (8 GB/512 GB SSD/Windows 10 Home) 15s-EQ2040AU Thin and Light Laptop,"₹38,899"
125,ASUS Vivobook 15 AMD Ryzen 3 Dual Core AMD Ryzen™ 3 3250U - (8 GB/512 GB SSD/Windows 11 Home) M515DA-BQ332WS Thin and Light Laptop,"₹31,490"
126,ASUS Vivobook GO 15 AMD Ryzen 5 Quad Core 7520U - (16 GB/512 GB SSD/Windows 11 Home) E1504FA-NJ549WS Thin and Light Laptop,"₹40,990"
127,HP 255 G8 Silver AMD Ryzen 5 Hexa Core AMD Ryzen 5 5500U - (8 GB/256 GB SSD/Windows 11 Home) 255 Business Laptop,"₹31,490"
128,HP 255 G9 Silver AMD Ryzen 5 Hexa Core AMD Ryzen5-5625U - (8 GB/512 GB SSD/Windows 11 Home) 255 G9 Business Laptop,"₹32,480"
129,ASUS Vivobook Intel Core i3 12th Gen 1215U - (8 GB/512 GB SSD/Windows 11 Home) X1504ZA-NJ325WS Thin and Light Laptop,"₹33,990"
130,ASUS Intel Core i7 12th Gen 12700H - (16 GB/512 GB SSD/Windows 11 Home) X1605ZAC-MB742WS Laptop,"₹60,790"
131,"ASUS Zenbook S 13 OLED 1 cm Thin & 1 kg Light, Intel EVO Intel Core i5 13th Gen 1335U - (16 GB/512 GB SSD/Windows 11 Home) UX5304VA-NQ541WS Thin and Light Laptop","₹89,990"
132,HP 14s Intel Core i3 12th Gen 1215U - (8 GB/512 GB SSD/Windows 11 Home) 14s - dy5008TU Thin and Light Laptop,"₹36,990"
133,DELL Inspiron 7430 Intel Core i5 13th Gen 1335U - (8 GB/512 GB SSD/Windows 11 Home) Inspiron 7430 2in1 2 in 1 Laptop,"₹71,990"
134,Apple MacBook Air Apple M3 - (8 GB/512 GB SSD/macOS Sonoma) MRXU3HN/A,"₹1,26,890"
135,HP 240 G8 Intel Core i3 11th Gen - (8 GB/512 GB SSD/Windows 11 Pro) 240 G8 Notebook,"₹33,940"
136,Infinix Y4 Max Series Intel Core i5 13th Gen 1335U - (16 GB/512 GB SSD/Windows 11 Home) YL613 Thin and Light Laptop,"₹38,990"
137,ASUS Vivobook 14 Intel Core i3 13th Gen 1315U - (8 GB/512 GB SSD/Windows 11 Home) X1404VA-NK322WS Thin and Light Laptop,"₹36,990"
138,MSI Modern 14 H Intel Core i9 13th Gen 13900H - (16 GB/1 TB SSD/Windows 11 Home) Modern 14 H D13MG-071IN Thin and Light Laptop,"₹78,990"
139,Lenovo IdeaPad Gaming 3 AMD Ryzen 5 Hexa Core 7535HS - (16 GB/512 GB SSD/Windows 11 Home/6 GB Graphics/NVIDIA GeForce RTX 3050) 15ARH7 Gaming Laptop,"₹70,990"
140,MSI Modern 14 Intel Core i5 12th Gen 1235U - (16 GB/512 GB SSD/Windows 11 Home) Modern 14 C12MO-1212IN Business Laptop,"₹42,990"
141,HP 250 G8 Intel Core i3 11th Gen - (8 GB/512 GB SSD/DOS) 250 G8 Notebook,"₹30,490"
142,Lenovo IdeaPad Gaming 3 Intel Core i5 11th Gen 11300H - (16 GB/512 GB SSD/Windows 11 Home/4 GB Graphics/NVIDIA GeForce RTX 3050) 15IHU6 | 15IHU6D1 Gaming Laptop,"₹71,990"
143,HP 15s Intel Core i3 11th Gen 1125G4 - (8 GB/512 GB SSD/Windows 11 Home) 15s-FR2508TU Laptop,"₹35,800"
144,Lenovo IdeaPad Slim 3 AMD Ryzen 3 Quad Core 7320U - (8 GB/512 GB SSD/Windows 11 Home) 14AMN8 Thin and Light Laptop,"₹31,990"
145,HP Laptop 15s Intel Celeron Dual Core Intel Celeron N4500 - (8 GB/512 GB SSD/Windows 11 Home) fq3071TU Thin and Light Laptop,"₹30,990"
146,WINGS Nuvobook Pro Aluminium Alloy Metal Body Intel Intel Core i7 11th Gen 1165G7 - (16 GB/512 GB SSD/Windows 11 Home) WL-Nuvobook Pro-GRY Thin and Light Laptop,"₹49,990"
147,MSI GF63 Intel Core i5 11th Gen 11260H - (16 GB/1 TB HDD/256 GB SSD/Windows 11 Home/4 GB Graphics/NVIDIA GeForce RTX 3050/144 Hz) GF63 Thin 11UC-1490IN Gaming Laptop,"₹52,990"
148,Acer AMD Ryzen 7 Octa Core 8845HS - (16 GB/1 TB SSD/Windows 11 Home/8 GB Graphics/NVIDIA GeForce RTX 4060) ANV16-41 Gaming Laptop,"₹1,09,990"
149,DELL 3511 Intel Core i5 11th Gen 1135G7 - (8 GB/1 TB HDD/256 GB SSD/Windows 11 Home/2 GB Graphics) 3511 Laptop,"₹65,500"
150,MSI Prestige 13 Evo AI PC Intel Core Ultra 5 125H - (16 GB/1 TB SSD/Windows 11 Home) Prestige 13 AI Evo A1MG Thin and Light Laptop,"₹99,990"
151,MSI Katana 15 Intel Core i5 12th Gen 12450H - (16 GB/1 TB SSD/Windows 11 Home/6 GB Graphics/NVIDIA GeForce RTX 3050/144 Hz) Katana 15 B12UDXK-1019IN Gaming Laptop,"₹86,217"
152,DELL Intel Core i3 13th Gen 1305U - (8 GB/512 GB SSD/Windows 11 Home) Vostro 3530 Thin and Light Laptop,"₹38,990"
153,Lenovo IdeaPad Flex 5 Intel Intel Core i3 12th Gen 1215U - (8 GB/512 GB SSD/Windows 11 Home) 14IAU7 Thin and Light Laptop,"₹59,500"
154,Lenovo IdeaPad Slim 3 Intel Core i5 13th Gen 13420H - (16 GB/512 GB SSD/Windows 11 Home) 15IRH8 Thin and Light Laptop,"₹57,990"
155,Lenovo IdeaPad Slim 3 Intel Core i7 11th Gen 1165G7 - (16 GB/512 GB SSD/Windows 11 Home) 82H803LNIN Thin and Light Laptop,"₹63,800"
156,DELL Intel Core i7 13650HX - (16 GB/512 GB SSD/Windows 11 Home/6 GB Graphics/NVIDIA GeForce RTX 4050) G15 5530 Gaming Laptop,"₹1,35,000"
157,DELL Latitude 3540 Intel Core i3 12th Gen - (8 GB/512 GB SSD/Ubuntu) Latitude 3540 Laptop,"₹33,400"
158,Lenovo IdeaPad Slim 1 Intel Celeron Dual Core N4020 - (8 GB/256 GB SSD/Windows 11 Home) 14IGL7 Thin and Light Laptop,"₹29,880"
159,MSI Sword 16 HX Intel Core i7 14th Gen 14700HX - (16 GB/1 TB SSD/Windows 11 Home/8 GB Graphics/NVIDIA GeForce RTX 4070/144 Hz) Sword 16 HX B14VGKG-207IN Gaming Laptop,"₹1,34,990"
160,HP AMD Ryzen 5 Hexa Core 5500U - (16 GB/512 GB SSD/Windows 11 Home) 15s- eq2182AU Thin and Light Laptop,"₹42,480"
161,Lenovo Ideapad Slim 3i Intel Intel Core i5 11th Gen 1135G7 - (8 GB/256 GB SSD/Windows 10 Home) 15ITL6/ 15ITL6 Ub Thin and Light Laptop,"₹49,999"
162,DELL Inspiron Intel Core i3 11th Gen 115G4 - (8 GB/1 TB HDD/256 GB SSD/Windows 11 Home) Inspiron 3511 Thin and Light Laptop,"₹38,990"
163,Infinix INBook X2 Plus Intel Core i7 11th Gen 1195G7 - (16 GB/512 GB SSD/Windows 11 Home) XL25 Thin and Light Laptop,"₹43,490"
164,ASUS ROG Strix Scar 16 Intel Core i9 14th Gen 14900HX - (32 GB/2 TB SSD/Windows 11 Home/12 GB Graphics/NVIDIA GeForce RTX 4080) G634JZR-CM932WS Gaming Laptop,"₹3,02,900"
165,ASUS TUF Gaming F15 Intel Core i7 12th Gen 12700H - (16 GB/1 TB SSD/Windows 11 Home/6 GB Graphics/NVIDIA GeForce RTX 3060/165 Hz) FX577ZM-HQ067WS Gaming Laptop,"₹1,04,990"
166,ASUS Vivobook Go 15 AMD Ryzen 5 Quad Core 7520U - (16 GB/512 GB SSD/Windows 11 Home) E1504FA-NJ541WS Thin and Light Laptop,"₹40,990"
167,Lenovo IdeaPad AMD Ryzen 5 Quad Core 7520U - (8 GB/512 GB SSD/Windows 11 Home) 15AMN8 Thin and Light Laptop,"₹42,990"
168,ASUS Intel Core i5 12th Gen - (8 GB/512 GB SSD/Windows 11 Home) X1504ZA-NJ521WS Laptop,"₹45,480"
169,MSI Modern 14 Intel Core i3 12th Gen 1215U - (8 GB/512 GB SSD/Windows 11 Home) Modern 14 C12M-445IN / Modern 14 C12MO-1022IN Thin and Light Laptop,"₹30,990"
170,MSI GF63 Intel Core i5 12th Gen 12450H - (16 GB/512 GB SSD/Windows 11 Home/4 GB Graphics/NVIDIA GeForce RTX 2050/144 Hz) Thin GF63 12UCX-265IN Gaming Laptop,"₹56,990"
171,Acer Aspire 3 Intel Core i3 12th Gen N305 - (8 GB/512 GB SSD/Windows 11 Home) A324-31 Thin and Light Laptop,"₹28,990"
172,"ASUS TUF Gaming A16 Advantage Edition with 90WHr Battery, AI Powered AMD Ryzen 9 Octa Core 7940HS - (16 GB/1 TB SSD/Windows 11 Home/8 GB Graphics/AMD Radeon RX 7600S/165 Hz/95 TGP) FA617XS-N3026WS Gaming Laptop","₹99,980"
173,ASUS VivoBook K15 OLED AMD Ryzen 5 Hexa Core AMD R5-5500U - (8 GB/1 TB HDD/256 GB SSD/Windows 11 Home) KM513UA-L502WS Thin and Light Laptop,"₹49,990"
174,HP Victus Intel Core i5 13th Gen 13420H - (16 GB/1 TB SSD/Windows 11 Home/4 GB Graphics/NVIDIA GeForce RTX 2050) 15-fa1307TX Gaming Laptop,"₹76,990"
175,Infinix GT Book Intel Core i5 13th Gen 13420H - (16 GB/512 GB SSD/Windows 11 Home/6 GB Graphics/NVIDIA GeForce RTX 4050/90 W) GL613 with Accessories Box Gaming Laptop,"₹74,990"
176,ASUS VivoBook 15 Intel Core i3 11th Gen 1115G4 - (4 GB/256 GB SSD/Windows 10 Home) X515EA-EJ302TS Thin and Light Laptop,"₹36,990"
177,Acer Swift 5 Intel Core i5 8th Gen 8250U - (8 GB/512 GB SSD/Windows 10 Home) SF514-52T -59JY Thin and Light Laptop,"₹69,351"
178,Lenovo IdeaPad Slim 5 WUXGA OLED Intel Core i5 13th Gen 13420H - (16 GB/1 TB SSD/Windows 11 Home) 14IRL8 Thin and Light Laptop,"₹81,899"
179,Acer Aspire Lite AMD Ryzen 5 Hexa Core 5625U - (8 GB/512 GB SSD/Windows 11 Home) AL15-41 Thin and Light Laptop,"₹33,390"
180,Acer One14 Backlit Intel Core i5 11th Gen 1155G7 - (16 GB/512 GB SSD/Windows 11 Home) Z8-415 Thin and Light Laptop,"₹36,490"
181,MSI Cyborg 15 AI PC Intel Core Ultra 7 155H - (16 GB/1 TB SSD/Windows 11 Home/6 GB Graphics/NVIDIA GeForce RTX 4050) Cyborg 15 AI A1VEK-050IN Gaming Laptop,"₹1,01,990"
182,Ultimus Elite Intel Core i5 10th Gen 1035G4 - (8 GB/512 GB SSD/Windows 11 Home) NU14U3INF56BN-MB Thin and Light Laptop,"₹26,990"
183,HP Victus Intel Core i7 13th Gen 13620H - (16 GB/1 TB SSD/Windows 11 Home/6 GB Graphics/NVIDIA GeForce RTX 4050) 15-fa1332TX Gaming Laptop,"₹89,999"
184,DELL Intel Core i5 13th Gen 1334U - (8 GB/512 GB SSD/Windows 11 Home) Vostro 3530 Thin and Light Laptop,"₹52,990"
185,HP Pavilion AMD Ryzen 5 Hexa Core AMD R5-5600H - (8 GB/512 GB SSD/Windows 10/4 GB Graphics/NVIDIA GeForce GTX 1650/144 Hz) 15-ec2004AX Gaming Laptop,"₹50,990"
186,Lenovo Legion Go AMD Ryzen Z1 Extreme - (16 GB/512 GB SSD/Windows 11 Home) 8APU1 Handheld Gaming PC,"₹90,190"
187,Acer Aspire Lite Premium Metal Intel Core i7 11th Gen 1165G7 - (16 GB/1 TB SSD/Windows 11 Home) AL15-51 Thin and Light Laptop,"₹60,999"
188,ASUS Vivobook Go 14 AMD Ryzen 5 Quad Core 7520U - (8 GB/512 GB SSD/Windows 11 Home) E1404FA-NK523WS Thin and Light Laptop,"₹36,990"
189,HP 15s AMD Ryzen 3 Quad Core 5300U - (8 GB/512 GB SSD/Windows 11 Home) 15s-eq2143au Thin and Light Laptop,"₹31,490"
190,Lenovo IdeaPad Slim 3 AMD Ryzen 3 Quad Core 7320U - (8 GB/512 GB SSD/Windows 11 Home) 14AMN8 Thin and Light Laptop,"₹31,990"
191,HP Pavilion Intel Core i5 11th Gen 1155G7 - (16 GB/512 GB SSD/Windows 11 Home) 14-dy1048TU Thin and Light Laptop,"₹64,500"
192,DELL Intel Core i3 13th Gen 1305U - (8 GB/512 GB SSD/Windows 11 Home) Vostro 3530 Thin and Light Laptop,"₹38,990"
193,Lenovo IdeaPad Slim 3 Backlit AMD Ryzen 7 Octa Core 5th Gen - (16 GB/512 GB SSD/Windows 11 Home) 82KU024GIN Thin and Light Laptop,"₹53,990"
194,Lenovo IdeaPad 3 Intel Core i3 12th Gen 1215U - (8 GB/512 GB SSD/Windows 11 Home) 15IAU7 Thin and Light Laptop,"₹35,000"
195,Lenovo IdeaPad Slim 3 Intel Core i5 13th Gen 13420H - (16 GB/512 GB SSD/Windows 11 Home) 15IRH8 Thin and Light Laptop,"₹57,990"
196,Lenovo IdeaPad Slim 3 Intel Core i7 11th Gen 1165G7 - (16 GB/512 GB SSD/Windows 11 Home) 82H803LNIN Thin and Light Laptop,"₹56,800"
197,DELL Latitude 3540 Intel Core i3 12th Gen - (8 GB/512 GB SSD/Ubuntu) Latitude 3540 Laptop,"₹33,400"
198,DELL Intel Core i7 13650HX - (16 GB/512 GB SSD/Windows 11 Home/6 GB Graphics/NVIDIA GeForce RTX 4050) G15 5530 Gaming Laptop,"₹1,35,000"
199,ASUS TUF Gaming A17 with 90Whr Battery AMD Ryzen 7 Octa Core 6800HS - (16 GB/1 TB SSD/Windows 11 Home/6 GB Graphics/NVIDIA GeForce RTX RTX 3060/144 Hz) FA777RM-HX019W Gaming Laptop,"₹1,26,999"
200,Acer Aspire 3 Backlit AMD Ryzen 5 Hexa Core 7430U - (16 GB/512 GB SSD/Windows 11 Home) A325-42 Thin and Light Laptop,"₹35,999"
201,ASUS Vivobook 14 Intel P-Series Intel Core i3 12th Gen 1220P - (8 GB/512 GB SSD/Windows 11 Home) X1402ZA-EK312WS Laptop,"₹42,490"
202,Acer Aspire Lite AMD Ryzen 5 Hexa Core 5625U - (16 GB/512 GB SSD/Windows 11 Home) AL15-41 Thin and Light Laptop,"₹34,890"
203,"ASUS Vivobook Pro 15 For Creator, AMD Ryzen 7 Octa Core 5800HS - (16 GB/512 GB SSD/Windows 11 Home/4 GB Graphics/NVIDIA GeForce RTX 2050/144 Hz/50 TGP) M6500QF-HN741WS Gaming Laptop","₹61,990"
204,HP AMD Ryzen 5 Hexa Core 5500U - (16 GB/512 GB SSD/Windows 11 Home) 15s- eq2182AU Thin and Light Laptop,"₹42,480"
205,ASUS VivoBook K15 OLED AMD Ryzen 7 Octa Core AMD R7-5700U - (16 GB/512 GB SSD/Windows 11 Home) KM513UA-L711WS Thin and Light Laptop,"₹59,990"
206,Acer Aspire Intel Core i3 13th Gen 1305U - (16 GB/512 GB SSD/Windows 11 Home) AL15-53 Notebook,"₹33,990"
207,DELL Inspiron 7430 Intel Core i5 13th Gen 1335U - (8 GB/512 GB SSD/Windows 11 Home) Inspiron 7430 2in1 2 in 1 Laptop,"₹71,990"
208,Lenovo IdeaPad 3 Intel Core i7 11th Gen - (16 GB/512 GB SSD/Windows 11 Home) 82H803HRIN Laptop,"₹60,000"
209,Lenovo IdeaPad Flex 5 AMD Ryzen 5 Hexa Core 5500U - (8 GB/512 GB SSD/Windows 10 Home) 14 ALC 05 2 in 1 Laptop,"₹74,990"
210,Acer Extensa Intel Core i3 12th Gen N305 - (8 GB/256 GB SSD/Windows 11 Home) EX215-33 Thin and Light Laptop,"₹36,990"
211,Acer Extensa Intel Core i3 N305 - (8 GB/256 GB SSD/Windows 11 Home) EX215-33 Notebook,"₹34,200"
212,ASUS ROG Strix Scar 16 Intel Core i9 14th Gen 14900HX - (32 GB/2 TB SSD/Windows 11 Home/12 GB Graphics/NVIDIA GeForce RTX 4080) G634JZR-CM932WS Gaming Laptop,"₹3,02,900"
213,Infinix INBook X2 Plus Intel Core i7 11th Gen 1195G7 - (16 GB/512 GB SSD/Windows 11 Home) XL25 Thin and Light Laptop,"₹43,490"
214,DELL Inspiron 16 5630 Intel Core i7 1360P - (16 GB/1 TB SSD/Windows 11 Home) IN5630MV7F4001ORS1 Laptop,"₹96,999"
215,"ASUS Vivobook 16X for Creator, Intel Core i5 12th Gen 12500H - (8 GB/512 GB SSD/Windows 11 Home/4 GB Graphics/NVIDIA GeForce RTX 2050) K3605ZF-RP258W Gaming Laptop","₹55,990"
216,ASUS X1500EA-EJ3379WS Intel Core i3 11th Gen - (8 GB/512 GB SSD/Windows 11 Home) X1500EA-EJ3379WS Thin and Light Laptop,"₹31,590"
217,ASUS Vivobook 14 Intel Core i3 11th Gen 1115G4 - (8 GB/512 GB SSD/Windows 11 Home) X415EA-EK322WS Thin and Light Laptop,"₹31,990"
218,ASUS Vivobook 15 Intel Core i3 11th Gen 1115G4 - (8 GB/512 GB SSD/Windows 11 Home) X515EA-EJ322WS | X515EA-EJ328WS | X1500EA-EJ3379WS Thin and Light Laptop,"₹31,990"
219,Lenovo IdeaPad Slim 3 Intel Core i5 12th Gen 12450H - (16 GB/512 GB SSD/Windows 11 Home) 15IAH8 Thin and Light Laptop,"₹56,100"
220,Lenovo V15 G2 Intel Core i3 11th Gen 1115G4 - (8 GB/1 TB HDD/256 GB SSD/Windows 11 Home) V15 ITL G2 Thin and Light Laptop,"₹42,890"
221,HP 15s AMD Ryzen 5 Hexa Core 5500U - (16 GB/512 GB SSD/Windows 11 Home) 15s-eq2132au Thin and Light Laptop,"₹41,990"
222,Lenovo IdeaPad Gaming 3 AMD Ryzen 7 Octa Core AMD R7-5800H - (16 GB/512 GB SSD/Windows 11 Home/4 GB Graphics/NVIDIA GeForce RTX 3050) 15ACH6 | 15ACH6D1 Gaming Laptop,"₹67,990"
223,MSI Katana 15 Intel Core i9 13th Gen 13900H - (16 GB/1 TB SSD/Windows 11 Home/8 GB Graphics/NVIDIA GeForce RTX 4060/144 Hz) Katana 15 B13VFK-843IN Gaming Laptop,"₹1,28,690"
224,Lenovo IdeaPad Slim 3 Intel Core i3 13th Gen 1305U - (8 GB/512 GB SSD/Windows 11 Home) 15IRU8 Thin and Light Laptop,"₹41,990"
225,Lenovo IdeaPad Slim 3 Intel Core i3 12th Gen 1215U - (8 GB/512 GB SSD/Windows 11 Home) 15IAU7 Thin and Light Laptop,"₹33,500"
226,HP OMEN Intel Core i7 13th Gen 13700HX - (16 GB/1 TB SSD/Windows 11 Home/8 GB Graphics/NVIDIA GeForce RTX 4070) 16-u0005TX Gaming Laptop,"₹1,98,940"
227,Apple MacBook Air Apple M3 - (16 GB/512 GB SSD/macOS Sonoma) MXCU3HN/A,"₹1,45,490"
228,DELL Dell Inspiron 3525 AMD Ryzen 5 5500U - (8 GB/512 GB SSD/Windows 11 Home) D560838WIN9B Thin and Light Laptop,"₹40,370"
229,ASUS AMD Ryzen 7 Octa Core - (16 GB/1 TB SSD/Windows 11 Home/4 GB Graphics/NVIDIA GeForce RTX RTX 3050 Ti 4GB Graphics) G713IE-HX040W Gaming Laptop,"₹90,400"
230,Lenovo IdeaPad 3 Intel Intel Core i3 11th Gen 1115G4 - (8 GB/512 GB SSD/Windows 10 Home) 15ITL6/ 15ITL6 Ub Thin and Light Laptop,"₹36,500"
231,HP 15s Intel Core i5 11th Gen 1135G7 - (8 GB/1 TB HDD/Windows 11 Home/2 GB Graphics) 15s-du3060TX Thin and Light Laptop,"₹58,500"
232,HP 15s Intel Core i3 11th Gen 1115G4 - (8 GB/512 GB SSD/Windows 11 Home) 15s-FR2006TU Thin and Light Laptop,"₹44,999"
233,HP Intel Core i3 11th Gen 1115G4 - (8 GB/512 GB SSD/Windows 10 Home) 15s-FR2006TU Thin and Light Laptop,"₹47,999"
234,ASUS ROG Strix G15 AMD Ryzen 7 Octa Core 6800HS - (16 GB/1 TB SSD/Windows 11 Home/4 GB Graphics/NVIDIA GeForce RTX RTX 3050/144 Hz) G513RC-HN083W Gaming Laptop,"₹79,999"
235,ASUS Vivobook 15 Intel Core i5 12th Gen 1235U - (8 GB/512 GB SSD/Windows 11 Home) X1502ZA-EJ515WS Thin and Light Laptop,"₹43,990"
236,Lenovo Yoga Slim 6 WUXGA OLED Intel Evo Intel Core i5 13th Gen 1340P - (16 GB/512 GB SSD/Windows 11 Home) 14IRP8 Thin and Light Laptop,"₹67,990"
237,HP Victus Intel Core i7 13th Gen 13620H - (16 GB/1 TB SSD/Windows 11 Home/6 GB Graphics/NVIDIA GeForce RTX 4050) 15-fa1332TX Gaming Laptop,"₹89,999"
238,ASUS TUF Gaming F15 - AI Powered Gaming Intel Core i5 11th Gen 11260H - (8 GB/512 GB SSD/Windows 11 Home/4 GB Graphics/NVIDIA GeForce RTX 2050/70 W) FX506HF-HN077WS Gaming Laptop,"₹49,490"
239,HP AMD Ryzen 5 Quad Core - (8 GB/512 GB SSD/DOS) 247 G8 Thin and Light Laptop,"₹33,990"
240,MSI Cyborg 15 AI PC Intel Core Ultra 7 155H - (16 GB/1 TB SSD/Windows 11 Home/6 GB Graphics/NVIDIA GeForce RTX 4050) Cyborg 15 AI A1VEK-050IN Gaming Laptop,"₹1,01,990"
241,Ultimus Elite Intel Core i5 10th Gen 1035G4 - (8 GB/512 GB SSD/Windows 11 Home) NU14U3INF56BN-MB Thin and Light Laptop,"₹25,890"
242,"ASUS Vivobook 16X for Creator, Intel Core i5 12th Gen 12500H - (8 GB/512 GB SSD/Windows 11 Home/4 GB Graphics/NVIDIA GeForce RTX 2050) K3605ZF-RP258W Gaming Laptop","₹55,990"
243,HP Pavilion AMD Ryzen 5 Hexa Core 5500U - (8 GB/512 GB SSD/Windows 10 Home) 14-ec0035AU Thin and Light Laptop,"₹53,990"
244,DELL Intel Core i3 13th Gen 1305U - (8 GB/512 GB SSD/Windows 11 Home) Inspiron 3530 Thin and Light Laptop,"₹39,990"
245,Acer One14 Backlit Intel Core i5 11th Gen 1155G7 - (16 GB/512 GB SSD/Windows 11 Home) Z8-415 Thin and Light Laptop,"₹36,490"
246,ASUS VivoBook 15 Intel Core i3 11th Gen 1115G4 - (4 GB/256 GB SSD/Windows 10 Home) X515EA-EJ302TS Thin and Light Laptop,"₹36,990"
247,HP Pavilion Plus Creator OLED Eyesafe H-Series Intel Core i7 12th Gen 12700H - (16 GB/1 TB SSD/Windows 11 Home) 14-eh0024TU Thin and Light Laptop,"₹92,990"
248,Acer Nitro 5 AMD Ryzen 5 Hexa Core 7535HS - (8 GB/512 GB SSD/Windows 11 Home/4 GB Graphics/NVIDIA GeForce RTX 3050) AN515-47 Gaming Laptop,"₹64,500"
249,HP Omen Intel Core i7 13th Gen 13620H - (16 GB/1 TB SSD/Windows 11 Pro/8 GB Graphics/NVIDIA GeForce RTX 4060) 16-wd0012TX Gaming Laptop,"₹1,19,540"
250,HP Pavilion Eyesafe Intel Core i5 12th Gen i5-1240P - (16 GB/512 GB SSD/Windows 11 Home) EG2035TU/ 15-EG2035TU Thin and Light Laptop,"₹71,990"
251,HP 15s Intel Core i3 12th Gen 1215U - (8 GB/512 GB SSD/Windows 11 Home) 15s-fq5007TU Thin and Light Laptop,"₹35,990"
252,HP 15s AMD Ryzen 3 Quad Core 5300U - (8 GB/512 GB SSD/Windows 11 Home) 15s-eq2143au Thin and Light Laptop,"₹31,490"
253,Lenovo LOQ AI Powered AMD Ryzen 7 Octa Core 7840HS - (16 GB/512 GB SSD/Windows 11 Home/8 GB Graphics/NVIDIA GeForce RTX 4060) LAQ 15APH8D2 Gaming Laptop,"₹1,00,990"
254,DELL Inspiron 3520 Intel Core i5 12th Gen 1235U - (8 GB/512 GB SSD/Windows 11 Home) 0IN352010031RINB1M Thin and Light Laptop,"₹43,960"
255,Acer Predator Helios 300 Intel Core i7 11th Gen 11800H - (16 GB/1 TB SSD/Windows 11 Home/6 GB Graphics/NVIDIA GeForce RTX 3060/165 Hz) ph315-54-78cp/ph315-54 Gaming Laptop,"₹1,35,999"
256,ASUS Intel Core i5 11th Gen - (8 GB/512 GB SSD/Windows 11 Home/4 GB Graphics/NVIDIA GeForce RTX RTX 3050 4GB Graphics) FX506HC-HN089WS Gaming Laptop,"₹56,990"
257,MSI Modern 14 Intel Core i5 12th Gen 1235U - (8 GB/512 GB SSD/Windows 11 Home) Modern 14 C12M-440IN / Modern 14 C12MO-1021IN Thin and Light Laptop,"₹36,990"
258,ASUS TUF Gaming A17 with 90Whr Battery AMD Ryzen 5 Hexa Core AMD R5-4600H - (8 GB/512 GB SSD/Windows 11 Home/4 GB Graphics/NVIDIA GeForce GTX 1650/144 Hz) FA706IHRB-HX041W Gaming Laptop,"₹50,990"
259,Lenovo AMD Ryzen 5 Quad Core R5-5500H - (8 GB/512 GB SSD/Windows 11 Home/4 GB Graphics/NVIDIA GeForce RTX NVIDIA GeForce® RTX™ 2050) 82K2028QIN Gaming Laptop,"₹50,990"
260,HP Pavilion AMD Ryzen 5 Dual Core 5500U - (8 GB/512 GB SSD/Windows 11 Home) 15-eh1137AU Thin and Light Laptop,"₹48,190"
261,Acer Aspire Lite Premium Metal Intel Core i7 11th Gen 1165G7 - (16 GB/1 TB SSD/Windows 11 Home) AL15-51 Thin and Light Laptop,"₹60,999"
262,DELL Vostro Intel Core i3 11th Gen 1115G4 - (8 GB/512 GB SSD/Windows 11 Home) Vostro 3420 Thin and Light Laptop,"₹34,299"
263,Lenovo V14 Intel Core i5 11th Gen 1135G7 - (8 GB/256 GB SSD/Windows 10) V14 Thin and Light Laptop,"₹38,400"
264,Lenovo Legion Go AMD Ryzen Z1 Extreme - (16 GB/512 GB SSD/Windows 11 Home) 8APU1 Handheld Gaming PC,"₹90,190"
265,HP Pavilion Intel Core i5 13th Gen 1340P - (16 GB/512 GB SSD/Windows 11 Home) 15-eg3026TU Thin and Light Laptop,"₹69,999"
266,HP AMD Ryzen 5 Hexa Core 5500U - (16 GB/512 GB SSD/Windows 11 Home) 15s-eq2305AU Thin and Light Laptop,"₹40,990"
267,ASUS TUF Gaming A15 AMD Ryzen 7 Octa Core 7435HS - (16 GB/512 GB SSD/Windows 11 Home/8 GB Graphics/NVIDIA GeForce RTX 4060) FA507NVR-LP104WS Gaming Laptop,"₹99,912"
268,Acer Aspire Lite Premium Metal Body Laptop Intel Core i5 11th Gen 1155G7 - (8 GB/1 TB SSD/Windows 11 Home) AL 15-51 Thin and Light Laptop,"₹54,999"
269,DELL Inspiron 5620 Intel Core i5 12th Gen 1235U - (16 GB/512 GB SSD/Windows 11 Home) Inspiron 5620 Laptop,"₹64,999"
270,Lenovo ThinkPad E15 Intel Intel Core i5 11th Gen 1135G7 - (8 GB/512 GB SSD/Windows 10 Home) E15 Laptop,"₹69,500"
271,Lenovo ThinkPad E14 AMD Ryzen 5 Hexa Core 7530U - (8 GB/512 GB SSD/Windows 11 Home) TP E14 Gen 5 Thin and Light Laptop,"₹45,990"
272,"Acer Aspire Lite with Backlit Keyboard, Intel Core i7 12th Gen 1255U - (16 GB/512 GB SSD/Windows 11 Home) AL15-52 Thin and Light Laptop","₹49,990"
273,ASUS Vivobook 15 Intel Core i3 11th Gen i3-1115G4 - (8 GB/512 GB SSD/Windows 11 Home) X1500EA-EJ3381WS Laptop,"₹33,990"
274,Lenovo ThinkPad E14 AMD Ryzen 5 Hexa Core 7530U - (8 GB/512 GB SSD/Windows 11 Home) TP E14 Gen 5 Thin and Light Laptop,"₹47,999"
275,Lenovo ThinkPad E14 Intel Intel Core i3 12th Gen 1215U - (8 GB/512 GB SSD/Windows 11 Home) TP E14 Gen 4 Thin and Light Laptop,"₹45,499"
276,Acer Aspire 3 Intel Core i5 12th Gen 1235U - (8 GB/512 GB SSD/Windows 11 Home) A315-59-50CP Thin and Light Laptop,"₹43,990"
277,Infinix ZEROBOOK 13 Intel Core i5 13th Gen 13500H - (16 GB/512 GB SSD/Windows 11 Home) ZL513 Thin and Light Laptop,"₹51,990"
278,Acer Extensa AMD Ryzen 5 7520U - (8 GB/512 GB SSD/Windows 11 Home) EX215-23 Thin and Light Laptop,"₹33,990"
279,ASUS Vivobook 15 Intel Core i5 12th Gen 1235U - (8 GB/512 GB SSD/Windows 11 Home) X1504ZA-NJ521WS Thin and Light Laptop,"₹43,490"
280,HP AMD Ryzen 5 Hexa Core - (8 GB/512 GB SSD/Windows 11 Home/4 GB Graphics) 15-FB1001AX Laptop,"₹54,749"
281,Lenovo IdeaPad Slim 5 Intel Core i7 13th Gen 13700H - (16 GB/1 TB SSD/Windows 11 Home) 16IRL8 Laptop,"₹76,990"
282,Infinix GT Book Intel Core i9 13th Gen 13900H - (32 GB/1 TB SSD/Windows 11 Home/8 GB Graphics/NVIDIA GeForce RTX 4060/90 W) GL613 with Accessories Box Gaming Laptop,"₹1,09,990"
283,HP 255 G9 840T7PA AMD Athlon Dual Core 3050U - (4 GB/256 GB SSD/DOS) 255 G8 Thin and Light Laptop,"₹17,990"
284,ASUS Vivobook 15 Intel Core i3 11th Gen 1115G4 - (8 GB/256 GB SSD/Windows 11 Home) X515EA-EJ312W Thin and Light Laptop,"₹28,990"
285,"ASUS Vivobook 15, with Backlit Keyboard, Intel Core i5 12th Gen 1235U - (8 GB/512 GB SSD/Windows 11 Home) X1504ZA-NJ520WS Thin and Light Laptop","₹43,990"
286,Lenovo ThinkPad E14 Intel Intel Core i5 12th Gen 1235U - (8 GB/512 GB SSD/Windows 11 Home) TP E14 Gen 4 Thin and Light Laptop,"₹69,900"
287,Lenovo IdeaPad Slim 5 Intel Core i7 13th Gen 13700H - (16 GB/512 GB SSD/Windows 11 Home) 16IRL8 Thin and Light Laptop,"₹94,990"
288,"DELL Inspiron 15 3520 with Backlit Keyboard, Intel Core i5 12th Gen Core i5 - (16 GB/512 GB SSD/Windows 11 Home) Inspiron 3520 Laptop","₹50,400"
289,Lenovo IdeaPad Slim 5 Intel Core i5 12th Gen 1235U - (16 GB/512 GB SSD/Windows 11 Home) 15IAL7 Thin and Light Laptop,"₹55,900"
290,DELL VOSTRO 5630 Intel Core i7 13th Gen 1360P - (16 GB/512 GB SSD/Windows 11 Pro) Vostro 16 5630 Business Laptop,"₹87,990"
291,DELL Intel Core i3 13th Gen 1315U - (8 GB/256 GB SSD/Windows 11 Home) Inspiron 7430 2 in 1 Laptop,"₹51,990"
292,Lenovo ThinkPad E14 Intel Core i5 12th Gen 1235U - (16 GB/512 GB SSD/Windows 11 Pro) TP E14 Gen 4 Thin and Light Laptop,"₹69,499"
293,Lenovo IdeaPad Gaming 3 AMD Ryzen 5 Quad Core 5500H - (8 GB/512 GB SSD/Windows 11 Home/4 GB Graphics/NVIDIA GeForce RTX 2050) 15ACH6 Gaming Laptop,"₹49,990"
294,HP 15s Intel Core i5 12th Gen 1235U - (8 GB/512 GB SSD/Windows 11 Home) 15s-fq5111TU Thin and Light Laptop,"₹48,000"
295,ASUS Vivobook Go 14 AMD Ryzen 3 Quad Core 7320U - (8 GB/512 GB SSD/Windows 11 Home) E1404FA-NK321WS Thin and Light Laptop,"₹30,880"
296,Lenovo IdeaPad Gaming 3 Intel Intel Core i5 11th Gen 11300H - (8 GB/512 GB SSD/Windows 10 Home/4 GB Graphics/NVIDIA GeForce GTX 1650) 15IHU6 Gaming Laptop,"₹58,999"
297,Lenovo IdeaPad Gaming 3 Intel Core i5 11th Gen 11320H - (8 GB/512 GB SSD/Windows 11 Home/4 GB Graphics/NVIDIA GeForce RTX 2050) 15IHU6 Gaming Laptop,"₹50,990"
298,HP Pavilion Intel Core i5 12th Gen 1240P - (8 GB/512 GB SSD/Windows 11 Home) 15-EG2009TU Thin and Light Laptop,"₹57,890"
299,Lenovo ThinkBook 16 G6 Intel Core i3 13th Gen 1315U - (8 GB/512 GB SSD/Windows 11 Home) ThinkBook 16 G6 IRL 5 Thin and Light Laptop,"₹37,990"
300,Lenovo Intel Intel Core i3 12th Gen 1215U - (8 GB/512 GB SSD/DOS) V15 G3 IAP Thin and Light Laptop,"₹30,173"
301,Acer Predator Helios Neo 16 Intel Core i9 14th Gen 14900HX - (16 GB/1 TB SSD/Windows 11 Home/8 GB Graphics/NVIDIA GeForce RTX 4070) PHN16-72 Gaming Laptop,"₹1,64,990"
302,Acer Nitro 5 AMD Ryzen 7 Octa Core AMD R7-5800H - (16 GB/1 TB HDD/256 GB SSD/Windows 11 Home/6 GB Graphics/NVIDIA GeForce RTX 3060/144 Hz) AN515-45/ AN515-45-R2GL Gaming Laptop,"₹73,140"
303,Acer Aspire Lite AMD Ryzen 5 Hexa Core 5625U - (16 GB/1 TB SSD/Windows 11 Home) AL15-41 Thin and Light Laptop,"₹36,990"
304,Acer Nitro V Intel Core i5 13th Gen 13420H - (16 GB/512 GB SSD/Windows 11 Home/6 GB Graphics/NVIDIA GeForce RTX 4050) ANV15-51- 55B9 Gaming Laptop,"₹72,990"
305,Acer Aspire Lite Intel Core i5 12th Gen 1235U - (16 GB/512 GB SSD/Windows 11 Home) AL15-52 Thin and Light Laptop,"₹44,990"
306,Lenovo IdeaPad Slim 3 Intel Core i3 12th Gen 1215U - (8 GB/512 GB SSD/Windows 11 Home) 15IAU7 Thin and Light Laptop,"₹33,500"
307,Lenovo V15 Intel Core i3 12th Gen - (8 GB/512 GB SSD/DOS/512 MB Graphics) V15 Laptop,"₹31,490"
308,Infinix INBook X2 Plus Intel Core i5 11th Gen 1155G7 - (16 GB/512 GB SSD/Windows 11 Home) XL25 Thin and Light Laptop,"₹38,990"
309,ASUS Vivobook 15 Intel Core i3 11th Gen 1115G4 - (8 GB/512 GB SSD/Windows 11 Home) X515EA-EJ322WS | X515EA-EJ328WS | X1500EA-EJ3379WS Thin and Light Laptop,"₹31,990"
310,ASUS Vivobook 14 Intel Core i3 11th Gen 1115G4 - (8 GB/512 GB SSD/Windows 11 Home) X415EA-EK322WS Thin and Light Laptop,"₹31,990"
311,ASUS Vivobook Go 14 AMD Ryzen 5 Quad Core 7520U - (8 GB/512 GB SSD/Windows 11 Home) E1404FA-NK523WS Thin and Light Laptop,"₹36,990"
312,HP 15s AMD Ryzen 5 Hexa Core 5500U - (16 GB/512 GB SSD/Windows 11 Home) 15s-eq2132au Thin and Light Laptop,"₹41,990"
313,HP OMEN Intel Core i7 14th Gen 14650HX - (16 GB/1 TB SSD/Windows 11 Home/8 GB Graphics/NVIDIA GeForce RTX 4060) 16 wf1096TX Gaming Laptop,"₹1,29,500"
314,Lenovo IdeaPad Slim 3 Intel Core i5 12th Gen 12450H - (16 GB/512 GB SSD/Windows 11 Home) 15IAH8 Thin and Light Laptop,"₹54,990"
315,ASUS Vivobook 15 Intel Core i5 12th Gen 1235U - (16 GB/512 GB SSD/Windows 11 Home) X1502ZA-EJ545WS Thin and Light Laptop,"₹49,990"
316,Lenovo IdeaPad Gaming 3 AMD Ryzen 7 Octa Core 5800H - (16 GB/512 GB SSD/Windows 11 Home/6 GB Graphics/NVIDIA GeForce RTX 3060) 15ACH6 | 15ACH6Db Gaming Laptop,"₹79,990"
317,Lenovo Legion 5 AMD Ryzen 7 Octa Core 5800H - (16 GB/1 TB SSD/Windows 11 Home/6 GB Graphics/NVIDIA GeForce RTX 3060) 15ACH6H Gaming Laptop,"₹99,590"
318,Lenovo LOQ AI Powered AMD Ryzen 7 Octa Core 7840HS - (16 GB/512 GB SSD/Windows 11 Home/6 GB Graphics/NVIDIA GeForce RTX 4050) 15APH8 Gaming Laptop,"₹90,990"
319,HP G8 AMD Ryzen 5 Hexa Core 5th Gen 5500U - (8 GB/512 GB SSD/Windows 11 Home) 62Y30PA Laptop,"₹32,480"
320,Lenovo Yoga 7 OLED AI PC Intel Core Ultra 5 125H - (16 GB/1 TB SSD/Windows 11 Home) 14IML9 2 in 1 Laptop,"₹1,11,999"
321,Acer AMD Dual Core A3020e - (4 GB/256 GB SSD/Windows 10 Home) EX215-22 Laptop,"₹21,490"
322,HP Intel Core i5 12th Gen 1235U - (16 GB/512 GB SSD/Windows 11 Home) 15s- fr5011TU Thin and Light Laptop,"₹50,100"
323,DELL Vostro AMD Ryzen 5 Hexa Core 5625U - (16 GB/512 GB SSD/Windows 11 Home) Vostro 3425 Metal Thin and Light Laptop,"₹51,990"
324,ASUS TUF Gaming F15 Intel Core i5 10th Gen 10300H - (8 GB/512 GB SSD/Windows 10 Home/4 GB Graphics/NVIDIA GeForce GTX 1650/144 Hz/50 W) FX506LH-HN258T Gaming Laptop,"₹46,890"
325,Lenovo ThinkPad E14 Intel Intel Core i5 12th Gen 1235U - (16 GB/1 TB SSD/Windows 11 Home) TP E14 Gen 4 Thin and Light Laptop,"₹70,000"
326,HP Pavilion Plus Creator OLED Eyesafe H-Series Intel Core i5 12th Gen 12500H - (16 GB/512 GB SSD/Windows 11 Home) 14-eh0037TU Thin and Light Laptop,"₹71,490"
327,HP 15s AMD Ryzen 5 Quad Core 7520U - (16 GB/512 GB SSD/Windows 11 Home) 15-fc0031AU Thin and Light Laptop,"₹52,990"
328,ASUS Vivobook 15 Intel Core i5 12th Gen 12500H - (16 GB/512 GB SSD/Windows 11 Home) X1502ZA-EJ544WS Thin and Light Laptop,"₹60,999"
329,"ASUS Vivobook Pro 16 OLED For Creator, Intel H-Series Intel Core i9 13th Gen 13900H - (16 GB/1 TB SSD/Windows 11 Home/6 GB Graphics/NVIDIA GeForce RTX 4050/120 Hz/65 TGP) K6602VU-LZ951WS Gaming Laptop","₹1,35,990"
330,MSI Modern 14 Intel Core i3 12th Gen 1215U - (8 GB/512 GB SSD/Windows 11 Home) Modern 14 C12MO Business Laptop,"₹32,990"
331,Acer ALG Intel Core i5 12th Gen 12450H - (16 GB/512 GB SSD/Windows 11 Home/4 GB Graphics/NVIDIA GeForce RTX 2050) AL15G- 52 Gaming Laptop,"₹53,990"
332,HP AMD Ryzen 7 Octa Core 5700U - (16 GB/512 GB SSD/Windows 11 Home) 15s- ey2001au Thin and Light Laptop,"₹44,090"
333,Acer Nitro 5 Intel Core i7 12th Gen 12650H - (16 GB/1 TB SSD/Windows 11 Home/8 GB Graphics/NVIDIA GeForce RTX 3070 Ti) AN515-58 Gaming Laptop,"₹1,02,990"
334,HP AMD Ryzen 5 Hexa Core 5500U - (8 GB/512 GB SSD/Windows 11 Home) 15s- eq2223AU Thin and Light Laptop,"₹36,480"
335,DELL Inspiron 15 3530 Intel Core i5 13th Gen - (8 GB/1 TB SSD/Windows 11 Home) IN3530RW8JY001ORS1 Thin and Light Laptop,"₹56,799"
336,Lenovo Ideapad S145 AMD Ryzen 5 Quad Core 3500U - (8 GB/512 GB SSD/Windows 10 Home) S145-15API Thin and Light Laptop,"₹39,900"
337,HP Pavilion AMD Ryzen 5 Hexa Core 5625U - (8 GB/512 GB SSD/Windows 11 Home) 14-EC1003AU Thin and Light Laptop,"₹51,330"
338,ASUS Vivobook 15 Intel Core i5 12th Gen 1235U - (8 GB/512 GB SSD/Windows 11 Home) X1504ZA-NJ522WS Laptop,"₹48,990"
339,HP Envy13 x360 bf0121tu Intel Core i5 12th Gen I5 1230U - (16 GB + 16 GB Optane/512 GB SSD/Windows 11 Home) 13-bf0121TU 2 in 1 Laptop,"₹86,490"
340,Lenovo IdeaPad Slim 5 Intel Core i5 13th Gen 13420H - (16 GB/512 GB SSD/Windows 11 Home) 14IRL8 Thin and Light Laptop,"₹73,999"
341,MSI Modern 14 AMD Ryzen 5 Hexa Core 7530U - (8 GB/512 GB SSD/Windows 11 Home) Modern 14 C7M-063IN Thin and Light Laptop,"₹33,990"
342,HP Intel Core i5 12th Gen 1235U - (8 GB/512 GB SSD/Windows 11 Home) FR5010TU Laptop,"₹47,990"
343,Lenovo IdeaPad Slim 5 Intel Core i5 13th Gen - (16 GB/512 GB SSD/Windows 11 Home) 82XD003MIN Thin and Light Laptop,"₹72,999"
344,DELL core i5 Intel Core i5 12th Gen - (8 GB/512 GB SSD/Windows 11 Home) Inspiron 3520 / D560871WIN9B Laptop,"₹45,890"
345,Acer Swift Go 14 TouchScreen AI PC Intel Core Ultra 5 125H - (16 GB/512 GB SSD/Windows 11 Home) SFG14-73T Thin and Light Laptop,"₹74,990"
346,DELL Intel Core i3 12th Gen 1215U - (8 GB/256 GB SSD/Windows 11 Home) Inspiron 3520 Thin and Light Laptop,"₹33,989"
347,Acer Aspire Lite Intel Core i5 12th Gen 1235U - (8 GB/512 GB SSD/Windows 11 Home) AL15-52 Thin and Light Laptop,"₹38,700"
348,Lenovo IdeaPad Slim 3 Intel Core i5 12th Gen 12450H - (16 GB/512 GB SSD/Windows 11 Home) 14IAH8 Thin and Light Laptop,"₹50,600"
349,HP Intel Core i5 13th Gen 1335U - (8 GB/512 GB SSD/Windows 11 Home) 15-fd0187TU Thin and Light Laptop,"₹52,990"
350,ASUS Vivobook Intel Core i7 13th Gen 13700H - (16 GB/512 GB SSD/Windows 11 Home) X1605VA-MB747WS Thin and Light Laptop,"₹69,990"
351,DELL Latitude 14 Intel Core i5 11th Gen - (16 GB/512 GB SSD/Ubuntu) 3420 Business Laptop,"₹54,500"
352,ASUS Vivobook 15 Intel Core i5 11th Gen 1135G7 - (8 GB/512 GB SSD/Windows 11 Home) X515EA-EJ522WS Thin and Light Laptop,"₹38,990"
353,MSI Intel Core i5 12th Gen 12450H - (16 GB/512 GB SSD/Windows 11 Home/6 GB Graphics/NVIDIA GeForce RTX 4050) Thin GF63 12VE-071IN Gaming Laptop,"₹82,990"
354,HP Intel Core i5 13th Gen 1334U - (16 GB/512 GB SSD/Windows 11 Home) 15-fd0315TU Thin and Light Laptop,"₹54,899"
355,HP Intel Core i5 13th Gen 1335U - (16 GB/512 GB SSD/Windows 11 Home) 15-hr0001TU Thin and Light Laptop,"₹64,999"
356,Lenovo IdeaPad Slim 3 Intel Core i3 12th Gen 1215U - (8 GB/256 GB SSD/Windows 11 Home) 15IAU7 Thin and Light Laptop,"₹34,990"
357,Lenovo V SERIES Intel Core i5 12th Gen 1235U - (8 GB/512 GB SSD/Windows 11 Home) V15 Thin and Light Laptop,"₹41,500"
358,Lenovo IdeaPad Gaming 3 AMD Ryzen 5 Quad Core 5500H - (8 GB/512 GB SSD/Windows 11 Home/4 GB Graphics/NVIDIA GeForce RTX 2050) 15ACH6 Gaming Laptop,"₹48,990"
359,ASUS Vivobook 15 Intel Core i3 11th Gen 1115G4 - (8 GB/256 GB SSD/Windows 11 Home) X515EA-EJ312W Thin and Light Laptop,"₹28,990"
360,DELL Inspiron AMD Ryzen 7 Octa Core 5825U - (8 GB/512 GB SSD/Windows 11 Home) Inspiron 3525 Notebook,"₹61,990"
361,HP 15s Intel Core i3 11th Gen 1115G4 - (8 GB/512 GB SSD/Windows 11 Home) 15s-fq2717TU Thin and Light Laptop,"₹42,999"
362,HP 15s Intel Core i3 13th Gen 1315U - (8 GB/512 GB SSD/Windows 11 Home) 15-fd0019TU Thin and Light Laptop,"₹41,990"
363,Lenovo IdeaPad Gaming 3 Intel Core i7 12th Gen 12700H - (16 GB/512 GB SSD/Windows 11 Home/6 GB Graphics/NVIDIA GeForce RTX 3060) 16IAH7 | 16IAH7D1 Gaming Laptop,"₹96,990"
364,HP Intel Core i5 13th Gen 1334U - (8 GB/512 GB SSD/Windows 11 Home) 15-fd0220TU Thin and Light Laptop,"₹52,990"
365,HP 15s Intel Core i3 13th Gen 1315U - (8 GB/512 GB SSD/Windows 11 Home) 15-fd0006TU Thin and Light Laptop,"₹40,490"
366,HP G9 250 Intel Core i7 12th Gen 1255U Intel Turbo Boost - (8 GB/512 GB SSD/Windows 11 Pro) 250 G9 Laptop,"₹58,990"
367,DELL inspiron 15 AMD Ryzen 5 Quad Core 7520U - (8 GB/512 GB SSD/Windows 11 Home) Inspiron 3535 Laptop Laptop,"₹41,590"
368,ASUS Vivobook Go 14 AMD Ryzen 3 Quad Core 7320U - (8 GB/512 GB SSD/Windows 11 Home) E1404FA-NK322WS Thin and Light Laptop,"₹32,888"
369,HP Omen Intel Core i7 13th Gen 13700HX - (16 GB/512 GB SSD/Windows 11 Home/6 GB Graphics/NVIDIA GeForce RTX 3050) 16-wf0179TX Gaming Laptop,"₹99,990"
370,HP AMD Ryzen 5 Hexa Core 5500U - (8 GB/512 GB SSD/Windows 11 Home) 15s- eq2304au Thin and Light Laptop,"₹37,890"
371,Lenovo IdeaPad Flex 5 Intel Core i5 13th Gen 1335U - (16 GB/512 GB SSD/Windows 11 Home) 14IRU8 2 in 1 Laptop,"₹79,999"
372,Acer Nitro 5 AMD Ryzen 7 Octa Core AMD R7-5800H - (16 GB/1 TB HDD/256 GB SSD/Windows 11 Home/6 GB Graphics/NVIDIA GeForce RTX 3060/144 Hz) AN515-45/ AN515-45-R2GL Gaming Laptop,"₹73,140"
373,HP Victus 15 Intel Core i5 12th Gen 12450H - (8 GB/512 GB SSD/Windows 11 Home/4 GB Graphics/NVIDIA GeForce GTX 1650/144 Hz) 15-fa0070TX Gaming Laptop,"₹53,990"
374,MSI Cyborg 14 Intel Core i5 13th Gen 13420H - (16 GB/512 GB SSD/Windows 11 Home/4 GB Graphics/NVIDIA GeForce RTX 2050) Cyborg 14 A13UCX-205IN Gaming Laptop,"₹59,990"
375,ASUS Vivobook S 14 Intel EVO H-Series Intel Core i5 12th Gen 12500H - (16 GB/512 GB SSD/Windows 11 Home) S3402ZA-LY542WS Thin and Light Laptop,"₹62,990"
376,Acer Aspire Lite Intel Core i7 11th Gen 1165G7 - (16 GB/512 GB SSD/Windows 11 Home) AL15-51 Thin and Light Laptop,"₹48,490"
377,Acer Nitro V Intel Core i5 13th Gen 13420H - (16 GB/512 GB SSD/Windows 11 Home/4 GB Graphics/NVIDIA GeForce RTX 2050) ANV15-51-549B Gaming Laptop,"₹66,990"
378,Acer Aspire 3 Intel Core i3 12th Gen 1215U - (8 GB/512 GB SSD/Windows 11 Home) A315-59-36HE Thin and Light Laptop,"₹32,990"
379,HP Omen AI Powered AMD Ryzen 7 Octa Core 7840HS - (16 GB/1 TB SSD/Windows 11 Home/6 GB Graphics/NVIDIA GeForce RTX 4050) XD0007ax Gaming Laptop,"₹1,00,990"
380,HP 15s Intel Core i5 12th Gen 1235U - (8 GB/512 GB SSD/Windows 11 Home) 15s-fq5111TU Thin and Light Laptop,"₹48,000"
381,Lenovo IdeaPad Gaming 3 AMD Ryzen 5 Quad Core 5500H - (8 GB/512 GB SSD/Windows 11 Home/4 GB Graphics/NVIDIA GeForce RTX 2050) 15ACH6 Gaming Laptop,"₹49,490"
382,Lenovo IdeaPad Gaming 3 Intel Intel Core i5 11th Gen 11300H - (8 GB/512 GB SSD/Windows 10 Home/4 GB Graphics/NVIDIA GeForce GTX 1650) 15IHU6 Gaming Laptop,"₹58,999"
383,HP 15s Intel Core i5 13th Gen 1335U - (8 GB/1 TB SSD/Windows 11 Home) 15-fd0012TU Thin and Light Laptop,"₹65,990"
384,ASUS Vivobook Go 14 AMD Ryzen 3 Quad Core 7320U - (8 GB/512 GB SSD/Windows 11 Home) E1404FA-NK321WS Thin and Light Laptop,"₹30,880"
385,Lenovo IdeaPad Gaming 3 Intel Core i5 11th Gen 11320H - (8 GB/512 GB SSD/Windows 11 Home/4 GB Graphics/NVIDIA GeForce RTX 2050) 15IHU6 Gaming Laptop,"₹50,990"
386,Lenovo LOQ Intel Core i7 13th Gen 13650HX - (24 GB/512 GB SSD/Windows 11 Home/6 GB Graphics/NVIDIA GeForce RTX 4050) 15IRX9 Gaming Laptop,"₹1,11,000"
387,Lenovo IdeaPad Slim 5 Intel Core i5 12th Gen 1235U - (16 GB/512 GB SSD/Windows 11 Home) 15IAL7 Thin and Light Laptop,"₹56,990"
388,Lenovo ThinkPad E14 Intel Intel Core i5 12th Gen 1235U - (8 GB/512 GB SSD/Windows 11 Home) TP E14 Gen 4 Thin and Light Laptop,"₹69,500"
389,"DELL Inspiron 15 3520 with Backlit Keyboard, Intel Core i5 12th Gen Core i5 - (16 GB/512 GB SSD/Windows 11 Home) Inspiron 3520 Laptop","₹49,998"
390,DELL AMD Ryzen 5 Hexa Core 5500U - (8 GB/512 GB SSD/Windows 11 Home) Inspiron 3525 Thin and Light Laptop,"₹39,990"
391,DELL VOSTRO 5630 Intel Core i7 13th Gen 1360P - (16 GB/512 GB SSD/Windows 11 Pro) Vostro 16 5630 Business Laptop,"₹87,990"
392,DELL Inspiron AMD Ryzen 3 Quad Core 5425U - (8 GB/512 GB SSD/Windows 11 Home) Inspiron 3525 Thin and Light Laptop,"₹40,999"
393,HP 15s AMD Ryzen 5 Quad Core 7520U - (16 GB/512 GB SSD/Windows 11 Home) 15-fc0030AU Thin and Light Laptop,"₹53,990"
394,DELL Intel Core i3 13th Gen 1315U - (8 GB/256 GB SSD/Windows 11 Home) Inspiron 7430 2 in 1 Laptop,"₹51,990"
395,HP Pavilion Plus Intel Core i5 13th Gen 1335U - (16 GB/512 GB SSD/Windows 11 Home) 14-ew0116TU Thin and Light Laptop,"₹75,990"
396,Lenovo ThinkPad E14 Intel Core i5 12th Gen 1235U - (16 GB/512 GB SSD/Windows 11 Pro) TP E14 Gen 4 Thin and Light Laptop,"₹69,000"
397,Lenovo IdeaPad Flex 5 Intel Core i3 13th Gen 1315U - (8 GB/512 GB SSD/Windows 11 Home) 14IRU8 2 in 1 Laptop,"₹51,900"
398,Acer Aspire 3 Intel Celeron Dual Core N4500 - (8 GB/512 GB SSD/Windows 11 Home) A325-45 Thin and Light Laptop,"₹22,990"
399,Acer Aspire Intel Celeron Dual Core N4500 - (8 GB/512 GB SSD/Windows 11 Home) A325-45 Thin and Light Laptop,"₹21,990"
400,ASUS VivoBook K15 OLED Intel Core i5 11th Gen 1135G7 - (16 GB/1 TB HDD/256 GB SSD/Windows 11 Home) K513EA-L523WS Thin and Light Laptop,"₹52,990"
401,HP Victus 15 AMD Ryzen 5 Hexa Core 5600H - (16 GB/512 GB SSD/Windows 11 Home/4 GB Graphics/NVIDIA GeForce RTX 3050) 15-fb0106AX Gaming Laptop,"₹65,999"
402,ASUS TUF Gaming F15 - AI Powered Gaming Intel Core i5 11th Gen 11400H - (8 GB/512 GB SSD/Windows 11 Home/4 GB Graphics/NVIDIA GeForce RTX 2050/144 Hz/70 TGP) FX506HF-HN024W Gaming Laptop,"₹49,990"
403,ASUS Vivobook Go 15 OLED AMD Ryzen 3 Quad Core 7320U - (8 GB/512 GB SSD/Windows 11 Home) E1504FA-LK323WS Thin and Light Laptop,"₹38,990"
404,HP Pavilion AMD Ryzen 5 Hexa Core 5625U - (8 GB/512 GB SSD/Windows 11 Home) 15-eh2050au Thin and Light Laptop,"₹54,290"
405,Lenovo IdeaPad Slim 3 Intel Core i5 12th Gen 1235U - (8 GB/512 GB SSD/Windows 11 Home) 15IAU7 Thin and Light Laptop,"₹49,190"
406,HP 15s Intel Core i3 12th Gen 1215U - (8 GB/512 GB SSD/Windows 11 Home) 15s-fy5003TU Thin and Light Laptop,"₹34,990"
407,DELL AMD Ryzen 3 Quad Core 5425U - (8 GB/512 GB SSD/Windows 11 Home) Inspiron 3525 Thin and Light Laptop,"₹40,599"
408,ASUS Vivobook Go 15 OLED AMD Ryzen 3 Quad Core 7320U - (8 GB/512 GB SSD/Windows 11 Home) E1504FA-LK321WS Thin and Light Laptop,"₹38,990"
409,HP Pavilion Aero AMD Ryzen 5 Hexa Core 7535U - (16 GB/512 GB SSD/Windows 11 Home) 13-BE2056AU Thin and Light Laptop,"₹69,990"
410,ASUS Vivobook S14 OLED Intel EVO H-Series Intel Core i5 12th Gen 12500H - (16 GB/512 GB SSD/Windows 11 Home) S3402ZA-KM501WS Thin and Light Laptop,"₹67,990"
411,HP Intel Core i5 13th Gen - (16 GB/512 GB SSD/Windows 11 Home/Intel Integrated intel hd) 14-ek1074TU 2 in 1 Gaming Laptop,"₹69,490"
412,Lenovo IdeaPad Slim 1 AMD Ryzen 5 Hexa Core 5500U - (8 GB/512 GB SSD/Windows 11 Home) 15ACL6 | 15ALC7 2 Thin and Light Laptop,"₹38,190"
413,Lenovo IdeaPad Slim 5 WUXGA OLED AI PC Intel Core Ultra 5 125H - (16 GB/1 TB SSD/Windows 11 Home) 14IMH9 Laptop,"₹80,690"
414,ASUS Vivobook 16 Intel Core i5 12th Gen 12500H - (16 GB/512 GB SSD/Windows 11 Home) X1605ZAC-MB541WS Thin and Light Laptop,"₹52,910"
415,HP Intel Core i5 13th Gen 1334U - (16 GB/512 GB SSD/Windows 11 Home) 15-fd0221TU Thin and Light Laptop,"₹59,500"
416,MSI GF63 Intel Core i7 12th Gen 12650H - (16 GB/512 GB SSD/Windows 11 Home/8 GB Graphics/NVIDIA GeForce RTX 4060/144 Hz) Thin GF63 12VF-663IN Gaming Laptop,"₹92,990"
417,Lenovo Legion 5 AMD Ryzen 7 Octa Core 5800H - (16 GB/512 GB SSD/Windows 11 Home/4 GB Graphics/NVIDIA GeForce RTX 3050/120 Hz) 15ACH6 Gaming Laptop,"₹1,15,990"
418,Acer Aspire 3 Intel Core i3 12th Gen 1215U - (8 GB/512 GB SSD/Windows 11 Home) A324-51 Thin and Light Laptop,"₹29,990"
419,DELL Intel Core i3 13th Gen - (8 GB/512 GB SSD/Windows 11 Home) 3530 Thin and Light Laptop,"₹40,490"
420,HP Intel Intel Core i5 12th Gen - (8 GB/512 GB SSD/Windows 11 Home) 15s-FQ5009TU Notebook,"₹49,565"
421,SAMSUNG Galaxy Book4 Intel Core 5 120U - (8 GB/512 GB SSD/Windows 11 Home) NP750XGK-KG1IN / NP750XGK-LG1IN Thin and Light Laptop,"₹67,000"
422,Lenovo V15 AMD Ryzen 7 Octa Core 7730U - (16 GB/512 GB SSD/Windows 11 Home) v15 G4 Business Laptop,"₹38,990"
423,Infinix Y4 Max Series Intel Core i5 13th Gen 1335U - (16 GB/512 GB SSD/Windows 11 Home) YL613 Thin and Light Laptop,"₹38,990"
424,HP 15s AMD Ryzen 3 Quad Core 7320U - (8 GB/512 GB SSD/Windows 11 Home) 15-fc0026AU Thin and Light Laptop,"₹32,999"
425,ASUS Vivobook Go 15 OLED AMD Ryzen 5 Quad Core 7520U - (8 GB/512 GB SSD/Windows 11 Home) E1504FA-LK521WS Thin and Light Laptop,"₹45,990"
426,Lenovo IdeaPad Slim 3 Intel Core i5 11th Gen 1155G7 - (8 GB/512 GB SSD/Windows 11 Home) 15ITL6 Thin and Light Laptop,"₹44,190"
427,Lenovo IdeaPad Gaming 3 AMD Ryzen 7 Octa Core 6800H - (16 GB/512 GB SSD/Windows 11 Home/4 GB Graphics/NVIDIA GeForce RTX 3050) I5ARH7D4 Gaming Laptop,"₹68,990"
428,ASUS TUF Gaming F17 Intel Core i5 11th Gen 11260H - (8 GB/512 GB SSD/Windows 11 Home/4 GB Graphics/NVIDIA GeForce RTX 2050/144 Hz/70 W) FX706HF-HX044WS Gaming Laptop,"₹54,790"
429,Lenovo LOQ Intel Core i5 12th Gen 12450H - (16 GB/512 GB SSD/Windows 11 Home/6 GB Graphics/NVIDIA GeForce RTX 4050) 15IRH8 Gaming Laptop,"₹79,990"
430,Lenovo IdeaPad Flex 5 AMD Ryzen 7 Octa Core 7730U - (16 GB/512 GB SSD/Windows 11 Home) 14ABR8 2 in 1 Laptop,"₹68,990"
431,ASUS Vivobook GO 15 OLED AMD Ryzen 5 Quad Core 7520U - (16 GB/512 GB SSD/Windows 11 Home) E1504FAB-LK549WS Thin and Light Laptop,"₹46,990"
432,Lenovo Legion Pro 5 Intel Core i9 14th Gen 14900HX - (32 GB/1 TB SSD/Windows 11 Home/8 GB Graphics/NVIDIA GeForce RTX 4070) 16IRX9 Gaming Laptop,"₹1,89,500"
433,ASUS Vivobook Go 15 OLED AMD Ryzen 3 Quad Core 7320U - (8 GB/512 GB SSD/Windows 11 Home) E1504FA-LK322WS Thin and Light Laptop,"₹38,990"
434,Lenovo LOQ Intel Core i5 12th Gen 12450HX - (12 GB/512 GB SSD/Windows 11 Home/4 GB Graphics/NVIDIA GeForce RTX 2050) LOQ 15IAX9D1 Gaming Laptop,"₹64,990"
435,Acer Aspire 7 Intel Core i5 12th Gen 1240P - (8 GB/512 GB SSD/Windows 11 Home/4 GB Graphics/NVIDIA GeForce RTX 3050) A715-51G Gaming Laptop,"₹53,990"
436,DELL Inspiron 16 5630 Intel Core i5 13th Gen 1335U - (16 GB/512 GB SSD/Windows 11 Home) IN5630P8YRR001ORS1 Laptop,"₹61,990"
437,Lenovo IdeaPad Gaming 3 AMD Ryzen 5 Hexa Core 5600H - (8 GB/512 GB SSD/Windows 11 Home/4 GB Graphics/NVIDIA GeForce RTX 3050) 15ACH6 Gaming Laptop,"₹63,990"
438,"ASUS TUF Gaming A14 (2024) - AI PC, AMD Ryzen AI 9 12 Core HX 370 - (32 GB/2 TB SSD/Windows 11 Home/8 GB Graphics/NVIDIA GeForce RTX 4060/165 Hz/100 W) FA401WV-RG037WS Gaming Laptop","₹1,73,000"
439,HP Pavilion Intel Core i5 12th Gen 1235U - (8 GB/512 GB SSD/Windows 11 Home) 14-dv2053TU Thin and Light Laptop,"₹54,890"
440,Acer Aspire 3 Spin 14 Intel Core i3 13th Gen N305 - (8 GB/512 GB SSD/Windows 11 Home) A3SP14-31PT-3554 Thin and Light Laptop,"₹41,990"
441,HP 15s Intel Core i5 12th Gen 1235U - (16 GB/512 GB SSD/Windows 11 Home) 15s-fq5112TU Thin and Light Laptop,"₹50,100"
442,HP Intel Core i3 12th Gen 1215U - (8 GB/512 GB SSD/Windows 11 Home) 14s-dq5138tu Thin and Light Laptop,"₹36,490"
443,DELL Intel Core i5 13th Gen 1334U - (16 GB/512 GB SSD/Windows 11 Home) Vostro 3530 Thin and Light Laptop,"₹54,500"
444,HP Pavilion 15 AMD Ryzen 5 Hexa Core 13th Gen AMD Ryzen™ 5 5625U - (8 GB/512 GB SSD/Windows 11 Home) 15-EH2050AU Laptop,"₹50,490"
445,Lenovo Lenovo Yoga Slim 6 WUXGA OLED Intel Core i5 13th Gen 13500H - (16 GB/1 TB SSD/Windows 11 Home) 83E00012IN Thin and Light Laptop,"₹91,990"
446,HP Victus Intel Core i5 12th Gen 12450H - (8 GB/512 GB SSD/Windows 11 Home/4 GB Graphics/NVIDIA GeForce GTX 1650) 15-fa0165TX Gaming Laptop,"₹62,990"
447,HP Pavilion AMD Ryzen 5 Hexa Core 5625U - (16 GB/512 GB SSD/Windows 11 Home) 15-eh2024AU Thin and Light Laptop,"₹54,850"
448,DELL Inspiron Intel Core i5 13th Gen 1335U - (8 GB/512 GB SSD/Windows 11 Home) Inspiron 5430 Thin and Light Laptop,"₹56,880"
449,DELL Intel Core i5 13th Gen 1334U - (8 GB/512 GB SSD/Windows 11 Home) Inspiron 3530 Thin and Light Laptop,"₹47,910"
450,Lenovo LOQ Intel Core i5 12th Gen 12450H - (16 GB/512 GB SSD/Windows 11 Home/6 GB Graphics/NVIDIA GeForce RTX 3050) 15IRH8 Gaming Laptop,"₹68,799"
451,SAMSUNG Galaxy Book 2 Intel Core i5 12th Gen 1235U - (8 GB/512 GB SSD/Windows 11 Home) NP550 Thin and Light Laptop,"₹52,990"
452,Lenovo IdeaPad Gaming 3 AMD Ryzen 5 Hexa Core 5600H - (8 GB/512 GB SSD/Windows 11 Home/4 GB Graphics/NVIDIA GeForce RTX 3050) 15ACH6 Gaming Laptop,"₹56,890"
453,HP Victus AMD Ryzen 7 Octa Core 5800H - (16 GB/512 GB SSD/Windows 11 Home/4 GB Graphics/NVIDIA GeForce RTX 3050) 15-fb0053AX Gaming Laptop,"₹79,990"
454,MSI Modern 15 Intel Core i3 12th Gen 1215U - (8 GB/512 GB SSD/Windows 11 Home) Modern 15 B12MO Business Laptop,"₹33,990"
455,SAMSUNG Galaxy Book4 360 Evo Intel Core 5 120U - (16 GB/512 GB SSD/Windows 11 Home) NP750QGK-KG1IN / NP750QGK-LG1IN 2 in 1 Laptop,"₹1,09,990"
456,HP Victus Intel Core i7 12th Gen 12650H - (16 GB/1 TB SSD/Windows 11 Home/4 GB Graphics/NVIDIA GeForce RTX 3050A) 15-fa1389TX Gaming Laptop,"₹81,990"
457,Infinix Zero Book Ultra AI PC Intel Core Ultra 5 125H - (16 GB/512 GB SSD/Windows 11 Home) ZL514 Thin and Light Laptop,"₹54,990"
458,Lenovo IdeaPad Gaming 3 AMD Ryzen 5 Hexa Core AMD R5-5600H - (8 GB/512 GB SSD/Windows 11 Home/4 GB Graphics/NVIDIA GeForce GTX 1650/120 Hz) 15ACH6| 15ACH6D1| IdeaPad Gaming3 15ACH6D1 Gaming Laptop,"₹61,490"
459,Infinix ZEROBOOK 13 Intel Intel Core i7 13th Gen 13700H - (16 GB/512 GB SSD/Windows 11 Home) ZL513 Thin and Light Laptop,"₹61,990"
460,DELL Inspiron 15 3530 Intel Core i5 13th Gen - (8 GB/1 TB SSD/Windows 11 Home) IN3530RW8JY001ORS1 Thin and Light Laptop,"₹56,799"
461,Lenovo IdeaPad Slim 3 AMD Ryzen 5 Quad Core 7520U - (16 GB/512 GB SSD/Windows 11 Home) 15AMN8 Thin and Light Laptop,"₹43,990"
462,Acer Aspire 3 Intel Core i3 12th Gen - (8 GB/512 GB SSD/Windows 11 Home) A315-59 Thin and Light Laptop,"₹30,990"
463,HP Pavilion 14 AMD Ryzen 7 Octa Core 5700U - (16 GB/512 GB SSD/Windows 11 Home/2 GB Graphics) 14-EC0007AX Thin and Light Laptop,"₹62,490"
464,ASUS Intel Core i5 10th Gen - (8 GB/256 GB SSD/Windows 11 Home) X515JA-BQ511WS Thin and Light Laptop,"₹49,990"
465,HP Victus Intel Core i5 12th Gen 12450H - (16 GB/512 GB SSD/Windows 11 Pro/4 GB Graphics/NVIDIA GeForce RTX 3050) 15-fa0444TX / 15-fa0333TX Gaming Laptop,"₹68,990"
466,ASUS Vivobook Go 15 AMD Ryzen 3 Quad Core 7320U - (8 GB/512 GB SSD/Windows 11 Home) E1504FA-NJ321WS Thin and Light Laptop,"₹30,990"
467,DELL Inspiron 5430 Intel Core i5 13th Gen - (8 GB/512 GB SSD/Windows 11 Home) IN5430YXVW9M01ORS1 Laptop,"₹54,890"
468,DELL Inspiron 5430 Intel Core i5 13th Gen - (8 GB/512 GB SSD/Windows 11 Home) IN5430YXVW9M01ORS1 Laptop,"₹54,890"
469,DELL VOSTRO Intel Core i5 12th Gen - (8 GB/512 GB SSD/Windows 11 Home) 3520 Laptop,"₹59,900"
470,ASUS Vivobook 15X Intel Core i5 13th Gen 1315U - (16 GB/512 GB SSD/Windows 11 Home) K3504VAB-NJ541WS Thin and Light Laptop,"₹51,990"
471,Lenovo LOQ AI Powered AMD Ryzen 7 Octa Core 7840HS - (16 GB/512 GB SSD/Windows 11 Home/6 GB Graphics/NVIDIA GeForce RTX 3050) 15APH8D2 Gaming Laptop,"₹77,990"
472,Acer ALG Intel Core i5 12th Gen 12450H - (16 GB/512 GB SSD/Windows 11 Home/6 GB Graphics/NVIDIA GeForce RTX 3050) AL15G- 52 Gaming Laptop,"₹58,990"
473,DELL Inspiron AMD Ryzen 5 Quad Core 3500U - (8 GB/512 GB SSD/Windows 10 Home) Inspiron 3505 Laptop,"₹41,990"
474,HP Pavilion Intel Core i5 12th Gen 1235U - (16 GB/512 GB SSD/Windows 11 Home) 14-dv2014TU Thin and Light Laptop,"₹58,990"
475,HP 15s Intel Core i5 13th Gen 1335U - (8 GB/512 GB SSD/Windows 11 Home) 15-fd0011TU Thin and Light Laptop,"₹53,990"
476,Acer One 14 AMD Ryzen 3 Dual Core 3250U - (8 GB/512 GB SSD/Windows 11 Home) Z2-493 Thin and Light Laptop,"₹26,990"
477,"DELL Inspiron 15 with Backlit Keyboard, Intel Core i7 13th Gen 1355U - (16 GB/512 GB SSD/Windows 11 Home) Inspiron 3530 Thin and Light Laptop","₹69,450"
478,HP Victus Intel Core i7 12th Gen 12650H - (16 GB/512 GB SSD/Windows 11 Home/4 GB Graphics/NVIDIA GeForce RTX 3050A) 15-fa1382TX Gaming Laptop,"₹78,990"
479,HP 15s AMD Ryzen 5 Quad Core 7520U - (8 GB/512 GB SSD/Windows 11 Home) 15-fc0028AU Thin and Light Laptop,"₹45,888"
480,"ASUS Vivobook 15, with Backlit Keyboard, Intel Core i5 13th Gen 1335U - (8 GB/512 GB SSD/Windows 11 Home) X1504VA-NJ521WS Thin and Light Laptop","₹46,990"
481,ASUS Vivobook 15 Intel Core i3 12th Gen 1215U - (8 GB/512 GB SSD/Windows 11 Home) X1502ZA-EJ953WS Thin and Light Laptop,"₹33,990"
482,MSI Modern 14 Intel Core i3 12th Gen 1215U - (8 GB/512 GB SSD/Windows 11 Home) Modern 14 C12MO Business Laptop,"₹32,990"
483,HP Victus AMD Ryzen 5 Hexa Core 5600H - (8 GB/512 GB SSD/Windows 11 Home/4 GB Graphics/NVIDIA GeForce RTX 3050) 15-fb0135AX Gaming Laptop,"₹68,990"
484,Acer ALG Intel Core i5 12th Gen 12450H - (16 GB/512 GB SSD/Windows 11 Home/4 GB Graphics/NVIDIA GeForce RTX 2050) AL15G- 52 Gaming Laptop,"₹53,990"
485,HP 15s Intel Core i3 13th Gen 1315U - (8 GB/512 GB SSD/Windows 11 Home) 15-fd0018TU Thin and Light Laptop,"₹43,890"
486,"ASUS TUF Gaming F15, 90WHrs Battery Intel Core i7 13th Gen 13620H - (16 GB/512 GB SSD/Windows 11 Home/8 GB Graphics/NVIDIA GeForce RTX 4060/140 W) FX507VV-LP287W Gaming Laptop","₹1,08,434"
487,Lenovo Ideapad S145 AMD Ryzen 5 Quad Core 3500U - (8 GB/512 GB SSD/Windows 10 Home) S145-15API Thin and Light Laptop,"₹39,900"
488,Lenovo IdeaPad Slim 5 Intel Core i5 13th Gen 13420H - (16 GB/512 GB SSD/Windows 11 Home) 14IRL8 Thin and Light Laptop,"₹66,990"
489,ASUS Vivobook 15 Intel Core i5 12th Gen 1235U - (8 GB/512 GB SSD/Windows 11 Home) X1504ZA-NJ522WS Laptop,"₹43,990"
490,HP Envy13 x360 bf0121tu Intel Core i5 12th Gen I5 1230U - (16 GB + 16 GB Optane/512 GB SSD/Windows 11 Home) 13-bf0121TU 2 in 1 Laptop,"₹86,490"
491,ASUS Vivobook Go 15 OLED Intel Core i3 12th Gen N305 - (8 GB/512 GB SSD/Windows 11 Home) E1504GA-LK321WS Thin and Light Laptop,"₹46,990"
492,HP AMD Ryzen 7 Octa Core 5700U - (16 GB/512 GB SSD/Windows 11 Home) 15s- ey2001au Thin and Light Laptop,"₹44,090"
493,DELL Inspiron Intel Core i3 11th Gen 1115G4 - (8 GB/1 TB HDD/Windows 10) INSPIRON 3501 Thin and Light Laptop,"₹35,100"
494,Lenovo IdeaPad Slim 5 Intel Core i5 13th Gen - (16 GB/512 GB SSD/Windows 11 Home) 82XD003MIN Thin and Light Laptop,"₹68,990"
495,HP Intel Core i5 12th Gen 1235U - (8 GB/512 GB SSD/Windows 11 Home) FR5010TU Laptop,"₹47,990"
496,MSI Modern 14 AMD Ryzen 5 Hexa Core 7530U - (8 GB/512 GB SSD/Windows 11 Home) Modern 14 C7M-063IN Thin and Light Laptop,"₹33,990"
497,HP AMD Ryzen 5 Hexa Core 5500U - (8 GB/512 GB SSD/Windows 11 Home) 15s- eq2223AU Thin and Light Laptop,"₹36,490"
498,Acer Aspire Lite Intel Core i5 12th Gen 1235U - (8 GB/512 GB SSD/Windows 11 Home) AL15-52 Thin and Light Laptop,"₹39,990"
499,HP Intel Core i5 13th Gen 1335U - (8 GB/512 GB SSD/Windows 11 Home) 15-fd0187TU Thin and Light Laptop,"₹52,990"
500,Lenovo IdeaPad Slim 3 Intel Core i5 12th Gen 12450H - (16 GB/512 GB SSD/Windows 11 Home) 14IAH8 Thin and Light Laptop,"₹50,600"
501,ASUS Vivobook Intel Core i7 13th Gen 13700H - (16 GB/512 GB SSD/Windows 11 Home) X1605VA-MB747WS Thin and Light Laptop,"₹69,990"
502,Acer Swift Go 14 TouchScreen AI PC Intel Core Ultra 5 125H - (16 GB/512 GB SSD/Windows 11 Home) SFG14-73T Thin and Light Laptop,"₹74,990"
503,DELL Intel Core i3 12th Gen 1215U - (8 GB/256 GB SSD/Windows 11 Home) Inspiron 3520 Thin and Light Laptop,"₹33,990"
504,Acer Nitro 5 Intel Core i7 12th Gen 12650H - (16 GB/1 TB SSD/Windows 11 Home/8 GB Graphics/NVIDIA GeForce RTX 3070 Ti) AN515-58 Gaming Laptop,"₹1,02,199"
505,Infinix X Air Pro+ Intel Core i5 13th Gen 1334U - (16 GB/512 GB SSD/Windows 11 Home) XL434 Thin and Light Laptop,"₹49,990"
506,ASUS Vivobook 15 Intel Core i5 11th Gen 1135G7 - (8 GB/512 GB SSD/Windows 11 Home) X515EA-EJ522WS Thin and Light Laptop,"₹38,990"
507,DELL Latitude 14 Intel Core i5 11th Gen - (16 GB/512 GB SSD/Ubuntu) 3420 Business Laptop,"₹54,000"
508,ASUS Vivobook Go 14 AMD Ryzen 5 Quad Core 7520U - (16 GB/512 GB SSD/Windows 11 Home) E1404FA-NK541WS Thin and Light Laptop,"₹40,990"
509,"ASUS Vivobook 15, with Backlit Keyboard, Intel Core i5 12th Gen 1235U - (8 GB/512 GB SSD/Windows 11 Home) X1504ZA-NJ520WS Thin and Light Laptop","₹43,990"
510,ASUS X1502ZA Intel Core i5 12th Gen 1235U - (8 GB/512 GB SSD/Windows 11 Home) X1502ZA-EJ532WS Laptop,"₹44,300"
511,ASUS Vivobook 15 Intel Core i3 13th Gen 1315U - (8 GB/512 GB SSD/Windows 11 Home) X1504VA-NJ320WS Thin and Light Laptop,"₹38,490"
512,Lenovo IdeaPad Pro 5 2.8K OLED AI PC Intel Core Ultra 9 185H - (32 GB/1 TB SSD/Windows 11 Home) 14IMH9 Thin and Light Laptop,"₹99,999"
513,DELL Intel Core i5 13450HX - (16 GB/512 GB SSD/Windows 11 Home/6 GB Graphics/NVIDIA GeForce RTX 3050) G15 5530 Gaming Laptop,"₹74,400"
514,HP 15s Intel Core i3 11th Gen 1115G4 - (8 GB/512 GB SSD/Windows 11 Home) 15s-fq2671TU Thin and Light Laptop,"₹38,900"
515,ASUS Vivobook 15 Intel Core i5 13th Gen 1335U - (16 GB/512 GB SSD/Windows 11 Home) X1504VA-NJ540WS Thin and Light Laptop,"₹52,500"
516,DELL Vostro 3420 Business Laptop Intel Core i5 11th Gen - (8 GB/512 GB SSD/Windows 11 Home) 3420 Business Laptop,"₹53,999"
517,HP (15s-fq5007TU) Intel Core i3 12th Gen 1215U - (8 GB/512 GB SSD/Windows 11 Home) 15s-fq5327TU Thin and Light Laptop,"₹37,100"
518,ASUS TUF Gaming A15 AMD Ryzen 7 Octa Core 7435HS - (16 GB/512 GB SSD/Windows 11 Home/4 GB Graphics/NVIDIA GeForce RTX 2050) FA566NFR-HN259W Gaming Laptop,"₹56,990"
519,Lenovo LOQ AMD Ryzen 7 Octa Core 7435HS - (24 GB/512 GB SSD/Windows 11 Home/8 GB Graphics/NVIDIA GeForce RTX 4060) 15ARP9 Gaming Laptop,"₹91,190"
520,HP Pavilion AMD Ryzen 5 Hexa Core AMD R5-5600H - (8 GB/512 GB SSD/Windows 10 Home/4 GB Graphics/NVIDIA GeForce GTX GTX 1650) 15-ec2008AX Gaming Laptop,"₹59,000"
521,HP Intel Core i3 12th Gen 1215U - (8 GB/512 GB SSD/Windows 11 Home) 15s-fy5006TU Thin and Light Laptop,"₹35,690"
522,Lenovo IdeaPad Slim 5 Intel Core i5 12th Gen 12450H - (16 GB/1 TB SSD/Windows 11 Home) 14IAH8 Thin and Light Laptop,"₹62,990"
523,Lenovo LOQ Intel Core i5 13th Gen 13450HX - (16 GB/512 GB SSD/Windows 11 Home/6 GB Graphics/NVIDIA GeForce RTX 3050) LOQ 15IRX9D2 Gaming Laptop,"₹80,490"
524,Lenovo IdeaPad Gaming 3 Intel Core i5 12th Gen 12450H - (16 GB/512 GB SSD/Windows 11 Home/4 GB Graphics/NVIDIA GeForce RTX 3050) 15IAH7 Gaming Laptop,"₹68,190"
525,WINGS Nuvobook S1 Aluminium Alloy Metal Body Intel Intel Core i3 11th Gen 1125G4 - (8 GB/256 GB SSD/Windows 11 Home) WL-Nuvobook S1-BLU Thin and Light Laptop,"₹23,990"
526,Acer Swift 3X Intel Core i7 11th Gen 1165G7 - (16 GB + 32 GB Optane/512 GB SSD/Windows 11 Home/4 GB Graphics) SF314-510G-777S Thin and Light Laptop,"₹67,990"
527,Acer Swift Go 14 OLED EVO Intel Core i7 13th Gen 13700H - (16 GB/1 TB SSD/Windows 11 Home) SFG14-71-70BG Thin and Light Laptop,"₹69,990"
528,ASUS TUF Gaming F15 with 90WHr Battery Intel Core i5 11th Gen 11400H - (16 GB/512 GB SSD/Windows 11 Home/4 GB Graphics/NVIDIA GeForce RTX 3050/144 Hz/75 TGP) FX506HC-HN362W Gaming Laptop,"₹59,990"
529,ASUS TUF Gaming F15 with 90Whr Battery Intel Core i7 12th Gen 12700H - (16 GB/1 TB SSD/Windows 11 Home/4 GB Graphics/NVIDIA GeForce RTX 3050/144 Hz/95 W) FX577ZC-HN192WS Gaming Laptop,"₹84,990"
530,ASUS TUF Gaming F15 with 90WHr Battery Intel H-Series Intel Core i7 12th Gen 12700H - (16 GB/512 GB SSD/Windows 11 Home/8 GB Graphics/NVIDIA GeForce RTX 4060/144 Hz/140 TGP) FX507ZV-LP094W Gaming Laptop,"₹99,990"
531,DELL Intel Core i5 13th Gen - (16 GB/1 TB SSD/Windows 11 Home/6 GB Graphics/NVIDIA GeForce RTX 3050) G15-5530 Gaming Laptop,"₹81,990"
532,HP AMD Ryzen 5 Dual Core - (16 GB/512 GB SSD/DOS) 6E3Z2PA Laptop,"₹35,990"
533,HP Intel Core N N100 - (4 GB/64 GB EMMC Storage/Chrome OS) 14a-nf0014TU Chromebook Laptop,"₹29,990"
534,HP Intel Core N N100 - (4 GB/128 GB/Chrome OS) 14b-cd0011TU Chromebook Laptop,"₹35,990"
535,HP Intel Core i3 11th Gen - (8 GB/512 GB SSD/Windows 11 Home) 15s-fq2627TU Thin and Light Laptop,"₹39,000"
536,Lenovo Intel Core i3 11th Gen - (8 GB/512 GB SSD/DOS) 14 G2 ITL Business Laptop,"₹34,500"
537,Lenovo Intel Core i3 11th Gen - (4 GB/1 TB HDD/DOS) 82KB00JEIH Laptop,"₹33,500"
538,Lenovo AMD Ryzen 3 Hexa Core 3rd Gen Ryzen 3 7320U - (8 GB/512 GB SSD/Windows 11 Home) 82VG00ERIN Laptop,"₹31,990"
539,HP OMEN Intel Core i7 13th Gen 13700HX - (16 GB/512 GB SSD/Windows 11 Home/6 GB Graphics/NVIDIA GeForce RTX 4050) 16-u0022TX Gaming Laptop,"₹1,50,990"
540,HP 15s Intel Core i3 12th Gen 1215U - (8 GB/512 GB SSD/Windows 11 Home) 15s-fy5003TU Thin and Light Laptop,"₹34,990"
541,Acer Swift Go 14 TouchScreen AI PC Intel Core Ultra 7 155H - (16 GB/1 TB SSD/Windows 11 Home) SFG14-73T-70N9 Thin and Light Laptop,"₹85,990"
542,"DELL Inspiron 15 with Backlit Keyboard, Intel Core i5 13th Gen 1335U - (16 GB/1 TB SSD/Windows 11 Home) Inspiron 3530 Thin and Light Laptop","₹59,900"
543,HP Pavilion AMD Ryzen 5 Hexa Core 5625U - (8 GB/512 GB SSD/Windows 11 Home) 14-EC1003AU Thin and Light Laptop,"₹51,900"
544,ASUS Vivobook Go 15 OLED AMD Ryzen 3 Quad Core 7320U - (8 GB/512 GB SSD/Windows 11 Home) E1504FA-LK321WS Thin and Light Laptop,"₹38,990"
545,HP Pavilion Aero AMD Ryzen 5 Hexa Core 7535U - (16 GB/512 GB SSD/Windows 11 Home) 13-BE2056AU Thin and Light Laptop,"₹69,990"
546,ASUS Vivobook S14 OLED Intel EVO H-Series Intel Core i5 12th Gen 12500H - (16 GB/512 GB SSD/Windows 11 Home) S3402ZA-KM501WS Thin and Light Laptop,"₹67,990"
547,ASUS Vivobook 16 Intel Core i5 12th Gen 12500H - (16 GB/512 GB SSD/Windows 11 Home) X1605ZAC-MB541WS Thin and Light Laptop,"₹52,910"
548,Lenovo IdeaPad Slim 1 AMD Ryzen 5 Hexa Core 5500U - (8 GB/512 GB SSD/Windows 11 Home) 15ACL6 | 15ALC7 2 Thin and Light Laptop,"₹38,190"
549,HP Intel Core i5 13th Gen - (16 GB/512 GB SSD/Windows 11 Home/Intel Integrated intel hd) 14-ek1074TU 2 in 1 Gaming Laptop,"₹69,490"
550,Lenovo IdeaPad Slim 5 WUXGA OLED AI PC Intel Core Ultra 5 125H - (16 GB/1 TB SSD/Windows 11 Home) 14IMH9 Laptop,"₹80,690"
551,Acer Swift Go 14 OLED AI PC Intel Core Ultra 7 155H - (16 GB/1 TB SSD/Windows 11 Home) SFG14-73-71BY Thin and Light Laptop,"₹92,500"
552,Lenovo IdeaPad Slim 3 Intel Core i5 12th Gen 1235U - (8 GB/512 GB SSD/Windows 11 Home) 15IAU7 Thin and Light Laptop,"₹49,190"
553,HP 250 G9 Intel Core i5 12th Gen 12th Generation Intel Core i5-1235U Processor - (8 GB/512 GB SSD/Windows 11 Home) 7N179PA Business Laptop,"₹50,999"
554,HP Pavilion AMD Ryzen 5 Hexa Core 5625U - (8 GB/512 GB SSD/Windows 11 Home) 15-eh2050au Thin and Light Laptop,"₹51,780"
555,Acer Aspire 3 Intel Core i3 12th Gen 1215U - (8 GB/512 GB SSD/Windows 11 Home) A324-51 Thin and Light Laptop,"₹29,990"
556,HP Intel Intel Core i5 12th Gen - (8 GB/512 GB SSD/Windows 11 Home) 15s-FQ5009TU Notebook,"₹48,999"
557,ASUS Vivobook 15 OLED Intel Core i5 13th Gen 1335U - (16 GB/512 GB SSD/Windows 11 Home) X1505VAU-LK544WS Thin and Light Laptop,"₹72,999"
558,SAMSUNG Galaxy Book4 Intel Core 5 120U - (8 GB/512 GB SSD/Windows 11 Home) NP750XGK-KG1IN / NP750XGK-LG1IN Thin and Light Laptop,"₹67,000"
559,DELL Intel Core i3 13th Gen - (8 GB/512 GB SSD/Windows 11 Home) 3530 Thin and Light Laptop,"₹37,490"
560,Lenovo V15 AMD Ryzen 7 Octa Core 7730U - (16 GB/512 GB SSD/Windows 11 Home) v15 G4 Business Laptop,"₹38,990"
561,Lenovo IdeaPad Gaming 3 Intel Core i5 11th Gen 11300H - (8 GB/512 GB SSD/Windows 11 Home/4 GB Graphics/NVIDIA GeForce GTX 1650/120 Hz) 15IHU6 Gaming Laptop,"₹49,990"
562,HP Spectre x360 OLED Eyesafe Evo Intel Core i7 13th Gen 1360P - (32 GB/1 TB SSD/Windows 11 Home/4 GB Graphics) 16-f2005TX Laptop,"₹1,86,500"
563,Lenovo IdeaPad 1 Intel Celeron Dual Core N4020 - (8 GB/512 GB SSD/Windows 11 Home) 14IGL7/ 15IGL7 Thin and Light Laptop,"₹26,990"
564,ASUS Vivobook GO 15 AMD Ryzen 5 Quad Core 7520U - (16 GB/512 GB SSD/Windows 11 Home) E1504FA-LK541WS Thin and Light Laptop,"₹50,990"
565,ASUS Zenbook 14 OLED AI PC Intel Core Ultra 9 185H - (32 GB/1 TB SSD/Windows 11 Home) UX3405MA-PZ961WS Thin and Light Laptop,"₹1,39,990"
566,MSI Vector GP78HX Intel Core i9 13th Gen 13980HX - (32 GB/2 TB SSD/Windows 11 Home/16 GB Graphics/NVIDIA GeForce RTX 4090/240 Hz) Vector GP78HX 13VI-409IN Gaming Laptop,"₹3,44,990"
567,ASUS AMD Ryzen 5 - (16 GB/512 GB SSD/Windows 11 Home/4 GB Graphics/NVIDIA GeForce RTX NVIDIA® RTX™ 3050 4GB GDDR6) M6500QC-LK542WS Gaming Laptop,"₹68,642"
568,MSI Titan 18HX Intel Core i9 14th Gen 14900HX - (64 GB/2 TB SSD/Windows 11 Home/12 GB Graphics/NVIDIA GeForce RTX 4080/120 Hz) Titan 18 HX A14VHG-207IN Gaming Laptop,"₹4,18,790"
569,HP AMD Ryzen 5 - (8 GB/512 GB SSD/Windows 11 Home/4 GB Graphics/AMD Radeon AMD Radeon™ RX 6500M Graphics) 15-fb0157AX Gaming Laptop,"₹47,499"
570,ASUS Intel Core i5 13th Gen - (16 GB/1 TB SSD/Windows 11 Home) K3504VA - LK551WS Laptop,"₹72,990"
571,HP AMD Ryzen 5 Quad Core 7520U - (8 GB/512 GB SSD/Windows 11 Home) 14-em0026AU Thin and Light Laptop,"₹50,500"
572,"ASUS Vivobook S 15 OLED Powered Copilot + , AI PC Qualcomm Snapdragon X Plus - (16 GB/1 TB SSD/Windows 11 Home) S5507QA-MA551WS Thin and Light Laptop","₹94,990"
573,ASUS TUF Gaming A15 AMD Ryzen 5 Hexa Core 7535HS - (8 GB/512 GB SSD/Windows 11 Pro/4 GB Graphics/NVIDIA GeForce RTX 2050) FA506NF-HN578W Gaming Laptop,"₹55,990"
574,Lenovo Legion Pro 5 AMD Ryzen 9 16 Core 7945HX - (16 GB/1 TB SSD/Windows 11 Home/8 GB Graphics/NVIDIA GeForce RTX 4060) 16ARX8 Gaming Laptop,"₹1,76,190"
575,MSI Summit E16 Evo AI PC Intel Core Ultra 7 1st Gen 155H - (32 GB/1 TB SSD/Windows 11 Home) Summit E16 AI Evo A1MTG-025IN 2 in 1 Laptop,"₹1,39,990"
576,HP Chromebook Plus Intel Core i3 N305 - (8 GB/256 GB/Chrome Plus) 14a-nf0017TU Chromebook Laptop,"₹46,990"
577,Lenovo Yoga 7 AMD Ryzen 7 Octa Core 5th Gen R7-5800U - (16 GB/512 GB SSD/Windows 11 Home) 14ITL5 2 in 1 Laptop,"₹79,990"
578,DELL G15-5530 Intel Core i7 13th Gen 13650HX - (16 GB/1 TB SSD/Windows 11 Pro/6 GB Graphics/NVIDIA GeForce RTX RTX 4050/165 Hz) G15-5530 Gaming Laptop,"₹1,29,990"
579,HP Spectre Intel Core i7 13th Gen 1355U - (32 GB/1 TB SSD/Windows 11 Home) ef2035TU Thin and Light Laptop,"₹1,53,990"
580,DELL Inspiron 3520 Intel Core i5 12th Gen 1235U - (8 GB/512 GB SSD/Windows 11 Home) Inspiron 3520 Thin and Light Laptop,"₹45,990"
581,Lenovo AMD Ryzen 7 Octa Core 5th Gen 5800H - (16 GB/1 TB SSD/Windows 11 Home/6 GB Graphics/NVIDIA GeForce RTX RTX™ 3060) 82JU00SYIN Gaming Laptop,"₹99,590"
582,"ASUS TUF Gaming A14 (2024) - AI PC, AMD Ryzen 7 Octa Core 8845HS - (16 GB/1 TB SSD/Windows 11 Home/6 GB Graphics/NVIDIA GeForce RTX 4050/165 Hz/100 W) FA401UU-RG033WS Gaming Laptop","₹1,29,900"
583,ASUS TUF A15 AMD Ryzen 5 Hexa Core 7535HS - (16 GB/512 GB SSD/Windows 11 Home/4 GB Graphics/NVIDIA GeForce RTX 3050/144 Hz) FA566NC-HN083WS Gaming Laptop,"₹60,990"
584,Acer Aspire 3D 15 SpatialLabs Edition Intel Core i7 13th Gen 13620H - (16 GB/1 TB SSD/Windows 11 Home/6 GB Graphics/NVIDIA GeForce RTX 4050) A3D15-71GM Gaming Laptop,"₹1,74,990"
585,realme Book Prime Intel Core i5 11th Gen 11320H - (16 GB/512 GB SSD/Windows 11 Home) CloudPro002 Thin and Light Laptop,"₹64,999"
586,HP Pavilion Intel Core i7 12th Gen 1255U - (16 GB/1 TB SSD/Windows 11 Home) 14-dv2015TU Thin and Light Laptop,"₹77,790"
587,Lenovo ThinkBook 15 G4 Intel Core i5 12th Gen 1235U - (8 GB/512 GB SSD/Windows 11 Home) TB15 G4 IAP Thin and Light Laptop,"₹50,190"
588,HP Victus Intel Core i5 13th Gen 13420H - (16 GB/512 GB SSD/Windows 11 Home/4 GB Graphics/NVIDIA GeForce RTX 2050) 15-fa1128TX Gaming Laptop,"₹68,990"
589,SAMSUNG Galaxy Book4 Intel Core i5 13th Gen 1335U - (16 GB/512 GB SSD/Windows 11 Home) NP750XGJ-KG2IN / NP750XGJ-LG2IN Thin and Light Laptop,"₹59,990"
590,ASUS ROG Strix G16 with 90WHr Battery Intel HX-Series Intel Core i7 13th Gen 13650HX - (16 GB/1 TB SSD/Windows 11 Home/6 GB Graphics/NVIDIA GeForce RTX 4050/165 Hz/140 TGP) G614JU-N3200WS Gaming Laptop,"₹1,31,990"
591,HP Pavilion 15 Intel Core i3 12th Gen 1215U - (8 GB/512 GB SSD/Windows 11 Home) 15-eg2017TU Thin and Light Laptop,"₹49,990"
592,HP Pavilion Intel Core i5 13th Gen 1340P - (16 GB/512 GB SSD/Windows 11 Home) 15-eg3079TU Thin and Light Laptop,"₹65,990"
593,DELL Inspiron Intel Core i3 12th Gen 1215U - (8 GB/512 GB SSD/Windows 11 Home) Inspiron 3520 Thin and Light Laptop,"₹44,999"
594,Acer Aspire 7 Intel Core i5 12th Gen 12450H - (16 GB/512 GB SSD/Windows 11 Home/4 GB Graphics/NVIDIA GeForce RTX 3050/144 Hz) A715-76G-548J Gaming Laptop,"₹52,990"
595,ASUS TUF Gaming F15 Intel Core i5 12th Gen 12500H - (16 GB/512 GB SSD/Windows 11 Home/4 GB Graphics/NVIDIA GeForce RTX 3050) FX507ZC4-HN116W Gaming Laptop,"₹64,990"
596,Acer Nitro 5 Intel Core i7 12th Gen 12650H - (16 GB/512 GB SSD/Windows 11 Home/6 GB Graphics/NVIDIA GeForce RTX 4050/144 Hz) AN515-58-74GG Gaming Laptop,"₹94,990"
597,Lenovo LOQ Intel Core i5 13th Gen 13450HX - (16 GB/512 GB SSD/Windows 11 Home/6 GB Graphics/NVIDIA GeForce RTX 4050) 15IRX9 Gaming Laptop,"₹85,990"
598,ASUS Vivobook S 15 OLED Intel Core i9 13th Gen 13900H - (16 GB/512 GB SSD/Windows 11 Home) S5504VA-MA943WS Thin and Light Laptop,"₹91,990"
599,Acer Predator Neo Intel Core i7 13th Gen 13700HX - (16 GB/1 TB SSD/Windows 11 Home/6 GB Graphics/NVIDIA GeForce RTX 4050) PHN16-71-757P Gaming Laptop,"₹1,04,990"
600,Lenovo LOQ Intel Core i7 13th Gen 13650HX - (16 GB/512 GB SSD/Windows 11 Home/6 GB Graphics/NVIDIA GeForce RTX 3050) 15IRX9 Gaming Laptop,"₹97,990"
601,Lenovo LOQ AMD Ryzen 5 Quad Core 7235HS - (24 GB/512 GB SSD/Windows 11 Home/6 GB Graphics/NVIDIA GeForce RTX 3050) 15ARP9 Gaming Laptop,"₹68,690"
602,HP Victus Intel Core i5 12th Gen 12450H - (8 GB/512 GB SSD/Windows 11 Pro/4 GB Graphics/NVIDIA GeForce RTX 2050) 15-fa1312TX Gaming Laptop,"₹57,980"
603,Lenovo IdeaPad Gaming 3 AMD Ryzen 5 Hexa Core 6600H - (16 GB/512 GB SSD/Windows 11 Home/4 GB Graphics/NVIDIA GeForce RTX 3050) 15ARH7D4 Gaming Laptop,"₹81,900"
604,ASUS Zenbook 14 OLED AI PC Intel Core Ultra 7 155H - (16 GB/1 TB SSD/Windows 11 Home) UX3405MA-PZ752WS Thin and Light Laptop,"₹1,16,990"
605,Lenovo IdeaPad Flex 5 AMD Ryzen 5 Hexa Core 7530U - (16 GB/512 GB SSD/Windows 11 Home) 14ABR8 2 in 1 Laptop,"₹60,490"
606,Lenovo Yoga 6 AMD Ryzen 7 Octa Core 7730U - (16 GB/1 TB SSD/Windows 11 Home) 13ABR8 2 in 1 Laptop,"₹76,990"
607,ASUS Vivobook 15 Intel Core i5 12th Gen 1235U - (8 GB/512 GB SSD/Windows 11 Home) X1504ZA-NJ521WS|X1504ZA-NJ520WS|X1504ZA-NJ528WS Thin and Light Laptop,"₹44,890"
608,Lenovo LOQ Intel Core i5 12th Gen 12450HX - (16 GB/512 GB SSD/Windows 11 Home/6 GB Graphics/NVIDIA GeForce RTX 3050) 15IAX9 Gaming Laptop,"₹73,990"
609,MSI Stealth 16 AI Studio Intel Core Ultra 9 185H - (32 GB/2 TB SSD/Windows 11 Home/8 GB Graphics/NVIDIA GeForce RTX 4070) Stealth 16 AI Studio A1VGG-057IN Gaming Laptop,"₹2,49,990"
610,ASUS ROG Strix G16 Intel Core i9 14th Gen 14900HX - (16 GB/1 TB SSD/Windows 11 Home/8 GB Graphics/NVIDIA GeForce RTX 4070) G614JIR-N4062WS Gaming Laptop,"₹2,05,990"
611,Lenovo Yoga Pro 7 2.8K OLED AI PC Intel Core Ultra 7 155H - (16 GB/1 TB SSD/Windows 11 Home/6 GB Graphics) 14IMH9 Thin and Light Laptop,"₹1,51,190"
612,MSI Modern 14 Intel Core i7 12th Gen 1255U - (16 GB/512 GB SSD/Windows 11 Home) Modern 14 C12MO Business Laptop,"₹52,990"
613,HP Intel Core 5 120U - (8 GB/512 GB SSD/Windows 11 Home) 15-fd1096TU Thin and Light Laptop,"₹62,990"
614,DELL Intel Core i5 12th Gen - (16 GB/512 GB SSD/Windows 11 Home) D552269WIN9S Laptop,"₹77,800"
615,HP Intel Core N N200 - (8 GB/128 GB/Chrome OS) 14b-cd0012TU Chromebook Laptop,"₹40,990"
616,Lenovo IdeaPad 5 2-in-1 Intel Core 5 120U - (16 GB/512 GB SSD/Windows 11 Home) 14IRU9 2 in 1 Laptop,"₹80,690"
617,MSI Modern 15 Intel Core i7 12th Gen 1255U - (16 GB/512 GB SSD/Windows 11 Home) Modern 15 B12MO Business Laptop,"₹54,990"
618,HP Laptop Intel Core i3 13th Gen 1315U - (8 GB/512 GB SSD/Windows 11 Home) 15-fd0129TU Thin and Light Laptop,"₹43,490"
619,HP AMD Ryzen 9 Octa Core 7940HS - (16 GB/1 TB SSD/Windows 11 Home/8 GB Graphics/NVIDIA GeForce RTX 4070) 16-xf0100AX Gaming Laptop,"₹1,61,990"
620,Lenovo IdeaPad Gaming 3 Intel Core i5 12th Gen 12450H - (16 GB/512 GB SSD/Windows 11 Home/4 GB Graphics/NVIDIA GeForce RTX 3050) 15IAH7 Gaming Laptop,"₹69,090"
621,MSI Commercial 14 H Intel Core i5 13th Gen 13420H - (16 GB/512 GB SSD/Windows 11 Pro) Commercial 14 H A13MG-064IN Business Laptop,"₹87,990"
622,"ASUS ROG Zephyrus G16 OLED Powered, Intel EVO H Series, 90WHrs Battery AI PC Intel Core Ultra 7 155H - (16 GB/1 TB SSD/Windows 11 Home/8 GB Graphics/NVIDIA GeForce RTX 4060/100 W) GU605MV-CO711WS Gaming Laptop","₹1,81,317"
623,Acer Predator Helios 16 Intel Core i7 14th Gen 14700HX - (16 GB/1 TB SSD/Windows 11 Home/8 GB Graphics/NVIDIA GeForce RTX 4070) PH16-72 Gaming Laptop,"₹1,89,990"
624,Lenovo IdeaPad Pro 5 2K OLED AI PC Intel Core Ultra 7 155H - (16 GB/1 TB SSD/Windows 11 Home/6 GB Graphics/NVIDIA GeForce RTX 3050) 16IMH9 Gaming Laptop,"₹1,31,000"
625,Acer Aspire 3D 15 SpatialLabs Edition Intel Core i5 13th Gen 13420H - (16 GB/512 GB SSD/Windows 11 Home/4 GB Graphics/NVIDIA GeForce RTX 2050) A3D15-71GM Gaming Laptop,"₹1,49,990"
626,"ASUS Vivobook 15, with Backlit Keyboard, Intel Core i5 12th Gen 1235U - (16 GB/512 GB SSD/Windows 11 Home) X1504ZA-NJ542WS Thin and Light Laptop","₹47,990"
627,DELL AMD Ryzen 5 Quad Core 7520U - (8 GB/512 GB SSD/Windows 11 Home) Vostro 3535 Thin and Light Laptop,"₹37,990"
628,"ASUS ROG Strix G16, 90WHrs Battery Intel Core i7 13th Gen 13650HX - (16 GB/1 TB SSD/Windows 11 Home/8 GB Graphics/NVIDIA GeForce RTX 4070/140 W) G614JI-BG711WS Gaming Laptop","₹1,49,990"
629,DELL G15-5530 Intel Core i7 13th Gen - (16 GB/512 GB SSD/Windows 11 Home/6 GB Graphics/NVIDIA GeForce RTX 4050/120 Hz) 5530 Gaming Laptop,"₹1,34,999"
630,DELL Intel Core i3 13th Gen - (8 GB/1 TB SSD/Windows 11 Home) IC7430XYW6F002ORS1 Thin and Light Laptop,"₹70,990"
631,HP Victus AMD Ryzen 5 Hexa Core 5600H - (8 GB/512 GB SSD/Windows 11 Home/4 GB Graphics/NVIDIA GeForce RTX 3050) 15-fb0050AX Gaming Laptop,"₹59,799"
632,"HP 240 G9 Intel Core i7 12th Gen 1255U Deca Core with Intel Turbo Boost, Finger Print - (16 GB/512 GB SSD/Windows 11 Pro) 240 G9 Laptop","₹58,490"
633,"ASUS TUF Gaming F15, 90WHrs Battery Intel Core i7 13th Gen 13620H - (16 GB/512 GB SSD/Windows 11 Home/6 GB Graphics/NVIDIA GeForce RTX 4050/140 W) FX507VU-LP210W Gaming Laptop","₹95,990"
634,Lenovo LOQ Intel Core i5 12th Gen 12450HX - (12 GB/512 GB SSD/Windows 11 Home/4 GB Graphics/NVIDIA GeForce RTX 2050) LOQ 15IAX9D1 Gaming Laptop,"₹62,190"
635,DELL Intel Core i3 13th Gen 1305U - (8 GB/512 GB SSD/Windows 11 Home) Vostro 3430 Thin and Light Laptop,"₹37,990"
636,ASUS TUF Gaming A15 AMD Ryzen 7 Octa Core 7435HS - (8 GB/512 GB SSD/Windows 11 Home/4 GB Graphics/NVIDIA GeForce RTX 2050) FA566NFR-HN260W Gaming Laptop,"₹54,990"
637,HP Intel Core i3 12th Gen 1215U - (16 GB/512 GB SSD/Windows 11 Home) 15s-fy5004TU Thin and Light Laptop,"₹40,990"
638,HP Victus Intel Core i7 12th Gen 12650H - (16 GB/512 GB SSD/Windows 11 Home/6 GB Graphics/NVIDIA GeForce RTX 4050) 15-fa1134TX Gaming Laptop,"₹94,990"
639,HP Intel Core i5 12th Gen 1235U - (16 GB/512 GB SSD/Windows 11 Home) 15s-fq5330TU|15-fd0111TU Thin and Light Laptop,"₹50,500"
640,Acer Aspire 3 Backlit AMD Ryzen 7 Octa Core 7730U - (16 GB/1 TB SSD/Windows 11 Home) A325-42 Thin and Light Laptop,"₹44,490"
641,Acer Nitro V AMD Ryzen 5 Hexa Core 7535HS - (16 GB/512 GB SSD/Windows 11 Home/6 GB Graphics/NVIDIA GeForce RTX 3050) ANV15-41 Gaming Laptop,"₹59,990"
642,HP Backlit Intel Core i5 12th Gen 1235U - (8 GB/512 GB SSD/Windows 11 Home) 15s-fy5002TU Thin and Light Laptop,"₹48,160"
643,DELL Intel Core i5 13th Gen - (8 GB/1 TB SSD/Windows 11 Home) IN5430NH6KJM01ORS1 Thin and Light Laptop,"₹59,740"
644,Lenovo IdeaPad Slim 5 WUXGA OLED Intel Core i5 13th Gen 13420H - (16 GB/512 GB SSD/Windows 11 Home) 14IRL8 Thin and Light Laptop,"₹72,890"
645,DELL Inspiron 5320 Intel Core i5 12th Gen 1240P - (16 GB/512 GB SSD/Windows 11 Home) Inspiron 5320 Thin and Light Laptop,"₹61,990"
646,Lenovo LOQ Intel Core i7 13th Gen 13650HX - (24 GB/512 GB SSD/Windows 11 Home/8 GB Graphics/NVIDIA GeForce RTX 4060) 15IRX9 Gaming Laptop,"₹1,05,890"
647,HP AMD Ryzen 5 Hexa Core 5500U - (8 GB/512 GB SSD/Windows 11 Home) 14s-fq1092au Thin and Light Laptop,"₹54,990"
648,Lenovo LOQ AMD Ryzen 7 Octa Core 7435HS - (24 GB/512 GB SSD/Windows 11 Home/6 GB Graphics/NVIDIA GeForce RTX 4050) 15ARP9 Gaming Laptop,"₹82,190"
649,Lenovo IdeaPad Slim 3 AMD Ryzen 5 Hexa Core 5500U - (8 GB/512 GB SSD/Windows 11 Home) 14 ALC 6 Thin and Light Laptop,"₹44,990"
650,Infinix Zero Book Ultra AI PC Intel Core Ultra 7 155H - (16 GB/512 GB SSD/Windows 11 Home) ZL514 Thin and Light Laptop,"₹64,990"
651,Lenovo IdeaPad Slim 5 2.5K IPS Intel Core i5 13th Gen 13500H - (16 GB/1 TB SSD/Windows 11 Home) 16IRL8 Thin and Light Laptop,"₹76,990"
652,DELL G15-5530 Intel Core i5 13th Gen 13450HX - (16 GB/512 GB SSD/Windows 11 Home/6 GB Graphics/NVIDIA GeForce RTX GEFORCE RTX 3050/120 Hz) G15-5530 Gaming Laptop,"₹73,990"
653,DELL Inspiron Intel Core i5 13th Gen 13450HX - (16 GB/512 GB SSD/Windows 11 Home/6 GB Graphics/NVIDIA GeForce RTX 3050) G15-5530 Gaming Laptop,"₹74,890"
654,HP 15s Intel Core i3 11th Gen 1125G4 - (8 GB/512 GB SSD/Windows 11 Home) 15s-dy3501TU Thin and Light Laptop,"₹44,890"
